-- MySQL dump 10.13  Distrib 5.1.67, for redhat-linux-gnu (x86_64)
--
-- Host: localhost    Database: oflogger
-- ------------------------------------------------------
-- Server version	5.1.67

/*!40101 SET @OLD_CHARACTER_SET_CLIENT=@@CHARACTER_SET_CLIENT */;
/*!40101 SET @OLD_CHARACTER_SET_RESULTS=@@CHARACTER_SET_RESULTS */;
/*!40101 SET @OLD_COLLATION_CONNECTION=@@COLLATION_CONNECTION */;
/*!40101 SET NAMES utf8 */;
/*!40103 SET @OLD_TIME_ZONE=@@TIME_ZONE */;
/*!40103 SET TIME_ZONE='+00:00' */;
/*!40014 SET @OLD_UNIQUE_CHECKS=@@UNIQUE_CHECKS, UNIQUE_CHECKS=0 */;
/*!40014 SET @OLD_FOREIGN_KEY_CHECKS=@@FOREIGN_KEY_CHECKS, FOREIGN_KEY_CHECKS=0 */;
/*!40101 SET @OLD_SQL_MODE=@@SQL_MODE, SQL_MODE='NO_AUTO_VALUE_ON_ZERO' */;
/*!40111 SET @OLD_SQL_NOTES=@@SQL_NOTES, SQL_NOTES=0 */;

--
-- Table structure for table `latest_route`
--

DROP TABLE IF EXISTS `latest_route`;
/*!40101 SET @saved_cs_client     = @@character_set_client */;
/*!40101 SET character_set_client = utf8 */;
CREATE TABLE `latest_route` (
  `id` int(11) NOT NULL AUTO_INCREMENT,
  `src_switch_id` int(11) NOT NULL,
  `src_switch_port` int(11) NOT NULL,
  `dst_switch_id` int(11) NOT NULL,
  `dst_switch_port` int(11) NOT NULL,
  `bandwidth` int(11) NOT NULL,
  `get_data_time` datetime NOT NULL,
  PRIMARY KEY (`id`),
  KEY `get_data_time` (`get_data_time`)
) ENGINE=InnoDB AUTO_INCREMENT=161 DEFAULT CHARSET=utf8;
/*!40101 SET character_set_client = @saved_cs_client */;

--
-- Dumping data for table `latest_route`
--

LOCK TABLES `latest_route` WRITE;
/*!40000 ALTER TABLE `latest_route` DISABLE KEYS */;
INSERT INTO `latest_route` VALUES (141,2,204,5,202,143,'2014-11-19 10:47:38'),(142,5,203,3,204,192,'2014-11-19 10:47:38'),(143,1,202,3,201,192,'2014-11-19 10:47:38'),(144,1,203,4,201,192,'2014-11-19 10:47:38'),(145,3,204,5,203,191,'2014-11-19 10:47:38'),(146,4,203,3,203,144,'2014-11-19 10:47:38'),(147,5,202,2,204,144,'2014-11-19 10:47:38'),(148,1,204,5,201,191,'2014-11-19 10:47:38'),(149,4,204,5,204,143,'2014-11-19 10:47:38'),(150,2,202,3,202,144,'2014-11-19 10:47:38'),(151,3,201,1,202,192,'2014-11-19 10:47:38'),(152,5,201,1,204,144,'2014-11-19 10:47:38'),(153,4,202,2,203,144,'2014-11-19 10:47:38'),(154,3,202,2,202,193,'2014-11-19 10:47:38'),(155,5,204,4,204,192,'2014-11-19 10:47:38'),(156,1,201,2,201,193,'2014-11-19 10:47:38'),(157,4,201,1,203,144,'2014-11-19 10:47:38'),(158,2,201,1,201,192,'2014-11-19 10:47:38'),(159,3,203,4,203,192,'2014-11-19 10:47:38'),(160,2,203,4,202,144,'2014-11-19 10:47:38');
/*!40000 ALTER TABLE `latest_route` ENABLE KEYS */;
UNLOCK TABLES;

--
-- Table structure for table `lost_switch`
--

DROP TABLE IF EXISTS `lost_switch`;
/*!40101 SET @saved_cs_client     = @@character_set_client */;
/*!40101 SET character_set_client = utf8 */;
CREATE TABLE `lost_switch` (
  `switch_id` int(11) NOT NULL,
  `switch_ip` varchar(50) NOT NULL,
  `switch_mac` varchar(50) DEFAULT NULL,
  `switch_latest_time` datetime NOT NULL,
  KEY `switch_id` (`switch_id`,`switch_ip`,`switch_latest_time`)
) ENGINE=InnoDB DEFAULT CHARSET=utf8;
/*!40101 SET character_set_client = @saved_cs_client */;

--
-- Dumping data for table `lost_switch`
--

LOCK TABLES `lost_switch` WRITE;
/*!40000 ALTER TABLE `lost_switch` DISABLE KEYS */;
/*!40000 ALTER TABLE `lost_switch` ENABLE KEYS */;
UNLOCK TABLES;

--
-- Table structure for table `lost_switchport`
--

DROP TABLE IF EXISTS `lost_switchport`;
/*!40101 SET @saved_cs_client     = @@character_set_client */;
/*!40101 SET character_set_client = utf8 */;
CREATE TABLE `lost_switchport` (
  `switch_id` int(11) NOT NULL,
  `switch_ip` varchar(50) NOT NULL,
  `switchport_mac` varchar(50) NOT NULL,
  `switchport_port` int(11) NOT NULL,
  `switchport_ip` varchar(50) DEFAULT NULL,
  `switchport_latest_time` datetime NOT NULL,
  KEY `switch_id` (`switch_id`,`switch_ip`,`switchport_latest_time`)
) ENGINE=InnoDB DEFAULT CHARSET=utf8;
/*!40101 SET character_set_client = @saved_cs_client */;

--
-- Dumping data for table `lost_switchport`
--

LOCK TABLES `lost_switchport` WRITE;
/*!40000 ALTER TABLE `lost_switchport` DISABLE KEYS */;
/*!40000 ALTER TABLE `lost_switchport` ENABLE KEYS */;
UNLOCK TABLES;

--
-- Table structure for table `nodelocation`
--

DROP TABLE IF EXISTS `nodelocation`;
/*!40101 SET @saved_cs_client     = @@character_set_client */;
/*!40101 SET character_set_client = utf8 */;
CREATE TABLE `nodelocation` (
  `node_ip` varchar(50) NOT NULL,
  `node_mac` varchar(50) NOT NULL,
  `node_alive` tinyint(1) NOT NULL,
  `switch_id` int(11) NOT NULL,
  `switch_port` int(11) NOT NULL,
  `switch_port_name` varchar(20) DEFAULT NULL,
  `vgw_ip` varchar(50) NOT NULL,
  PRIMARY KEY (`node_ip`,`node_mac`),
  KEY `switch_id` (`switch_id`,`switch_port`)
) ENGINE=InnoDB DEFAULT CHARSET=utf8;
/*!40101 SET character_set_client = @saved_cs_client */;

--
-- Dumping data for table `nodelocation`
--

LOCK TABLES `nodelocation` WRITE;
/*!40000 ALTER TABLE `nodelocation` DISABLE KEYS */;
INSERT INTO `nodelocation` VALUES ('10.0.1.1','00:50:56:89:6b:fb',1,1,1,'eth1.1001','10.0.1.254'),('10.0.10.1','00:50:56:89:6c:04',1,1,10,'eth1.1010','10.0.10.254'),('10.0.100.1','00:50:56:89:6c:5e',1,1,100,'eth3.1100','10.0.100.254'),('10.0.101.1','00:50:56:89:6c:5f',1,1,101,'eth3.1101','10.0.101.254'),('10.0.102.1','00:50:56:89:6c:60',1,1,102,'eth3.1102','10.0.102.254'),('10.0.103.1','00:50:56:89:6c:61',1,1,103,'eth3.1103','10.0.103.254'),('10.0.104.1','00:50:56:89:6c:62',1,1,104,'eth3.1104','10.0.104.254'),('10.0.105.1','00:50:56:89:6c:63',1,1,105,'eth3.1105','10.0.105.254'),('10.0.106.1','00:50:56:89:6c:64',1,1,106,'eth3.1106','10.0.106.254'),('10.0.107.1','00:50:56:89:6c:65',1,1,107,'eth3.1107','10.0.107.254'),('10.0.108.1','00:50:56:89:6c:66',1,1,108,'eth3.1108','10.0.108.254'),('10.0.109.1','00:50:56:89:6c:67',1,1,109,'eth3.1109','10.0.109.254'),('10.0.11.1','00:50:56:89:6c:05',1,1,11,'eth1.1011','10.0.11.254'),('10.0.110.1','00:50:56:89:6c:68',1,1,110,'eth3.1110','10.0.110.254'),('10.0.111.1','00:50:56:89:6c:69',1,1,111,'eth3.1111','10.0.111.254'),('10.0.112.1','00:50:56:89:6c:6a',1,1,112,'eth3.1112','10.0.112.254'),('10.0.113.1','00:50:56:89:6c:6b',1,1,113,'eth3.1113','10.0.113.254'),('10.0.114.1','00:50:56:89:6c:6c',1,1,114,'eth3.1114','10.0.114.254'),('10.0.115.1','00:50:56:89:6c:6d',1,1,115,'eth3.1115','10.0.115.254'),('10.0.116.1','00:50:56:89:6c:6e',1,1,116,'eth3.1116','10.0.116.254'),('10.0.117.1','00:50:56:89:6c:6f',1,1,117,'eth3.1117','10.0.117.254'),('10.0.118.1','00:50:56:89:6c:70',1,1,118,'eth3.1118','10.0.118.254'),('10.0.119.1','00:50:56:89:6c:71',1,1,119,'eth3.1119','10.0.119.254'),('10.0.12.1','00:50:56:89:6c:06',1,1,12,'eth1.1012','10.0.12.254'),('10.0.120.1','00:50:56:89:6c:72',1,1,120,'eth3.1120','10.0.120.254'),('10.0.121.1','00:50:56:89:6c:73',1,1,121,'eth4.1121','10.0.121.254'),('10.0.122.1','00:50:56:89:6c:74',1,1,122,'eth4.1122','10.0.122.254'),('10.0.123.1','00:50:56:89:6c:75',1,1,123,'eth4.1123','10.0.123.254'),('10.0.124.1','00:50:56:89:6c:76',1,1,124,'eth4.1124','10.0.124.254'),('10.0.125.1','00:50:56:89:6c:77',1,1,125,'eth4.1125','10.0.125.254'),('10.0.126.1','00:50:56:89:6c:78',1,1,126,'eth4.1126','10.0.126.254'),('10.0.127.1','00:50:56:89:6c:79',1,1,127,'eth4.1127','10.0.127.254'),('10.0.128.1','00:50:56:89:6c:7a',1,1,128,'eth4.1128','10.0.128.254'),('10.0.129.1','00:50:56:89:6c:7b',1,1,129,'eth4.1129','10.0.129.254'),('10.0.13.1','00:50:56:89:6c:07',1,1,13,'eth1.1013','10.0.13.254'),('10.0.130.1','00:50:56:89:6c:7c',1,1,130,'eth4.1130','10.0.130.254'),('10.0.131.1','00:50:56:89:6c:7d',1,1,131,'eth4.1131','10.0.131.254'),('10.0.132.1','00:50:56:89:6c:7e',1,1,132,'eth4.1132','10.0.132.254'),('10.0.133.1','00:50:56:89:6c:7f',1,1,133,'eth4.1133','10.0.133.254'),('10.0.134.1','00:50:56:89:6c:80',1,1,134,'eth4.1134','10.0.134.254'),('10.0.135.1','00:50:56:89:6c:81',1,1,135,'eth4.1135','10.0.135.254'),('10.0.136.1','00:50:56:89:6c:82',1,1,136,'eth4.1136','10.0.136.254'),('10.0.137.1','00:50:56:89:6c:83',1,1,137,'eth4.1137','10.0.137.254'),('10.0.138.1','00:50:56:89:6c:84',1,1,138,'eth4.1138','10.0.138.254'),('10.0.139.1','00:50:56:89:6c:85',1,1,139,'eth4.1139','10.0.139.254'),('10.0.14.1','00:50:56:89:6c:08',1,1,14,'eth1.1014','10.0.14.254'),('10.0.140.1','00:50:56:89:6c:86',1,1,140,'eth4.1140','10.0.140.254'),('10.0.141.1','00:50:56:89:6c:87',1,1,141,'eth4.1141','10.0.141.254'),('10.0.142.1','00:50:56:89:6c:88',1,1,142,'eth4.1142','10.0.142.254'),('10.0.143.1','00:50:56:89:6c:89',1,1,143,'eth4.1143','10.0.143.254'),('10.0.144.1','00:50:56:89:6c:8a',1,1,144,'eth4.1144','10.0.144.254'),('10.0.145.1','00:50:56:89:6c:8b',1,1,145,'eth4.1145','10.0.145.254'),('10.0.146.1','00:50:56:89:6c:8c',1,1,146,'eth4.1146','10.0.146.254'),('10.0.147.1','00:50:56:89:6c:8d',1,1,147,'eth4.1147','10.0.147.254'),('10.0.148.1','00:50:56:89:6c:8e',1,1,148,'eth4.1148','10.0.148.254'),('10.0.149.1','00:50:56:89:6c:8f',1,1,149,'eth4.1149','10.0.149.254'),('10.0.15.1','00:50:56:89:6c:09',1,1,15,'eth1.1015','10.0.15.254'),('10.0.150.1','00:50:56:89:6c:90',1,1,150,'eth4.1150','10.0.150.254'),('10.0.151.1','00:50:56:89:6c:91',1,1,151,'eth4.1151','10.0.151.254'),('10.0.152.1','00:50:56:89:6c:92',1,1,152,'eth4.1152','10.0.152.254'),('10.0.153.1','00:50:56:89:6c:93',1,1,153,'eth4.1153','10.0.153.254'),('10.0.154.1','00:50:56:89:6c:94',1,1,154,'eth4.1154','10.0.154.254'),('10.0.155.1','00:50:56:89:6c:95',1,1,155,'eth4.1155','10.0.155.254'),('10.0.156.1','00:50:56:89:6c:96',1,1,156,'eth4.1156','10.0.156.254'),('10.0.157.1','00:50:56:89:6c:97',1,1,157,'eth4.1157','10.0.157.254'),('10.0.158.1','00:50:56:89:6c:98',1,1,158,'eth4.1158','10.0.158.254'),('10.0.159.1','00:50:56:89:6c:99',1,1,159,'eth4.1159','10.0.159.254'),('10.0.16.1','00:50:56:89:6c:0a',1,1,16,'eth1.1016','10.0.16.254'),('10.0.160.1','00:50:56:89:6c:9a',1,1,160,'eth4.1160','10.0.160.254'),('10.0.161.1','00:50:56:89:6c:9b',1,1,161,'eth5.1161','10.0.161.254'),('10.0.162.1','00:50:56:89:6c:9c',1,1,162,'eth5.1162','10.0.162.254'),('10.0.163.1','00:50:56:89:6c:9d',1,1,163,'eth5.1163','10.0.163.254'),('10.0.164.1','00:50:56:89:6c:9e',1,1,164,'eth5.1164','10.0.164.254'),('10.0.165.1','00:50:56:89:6c:9f',1,1,165,'eth5.1165','10.0.165.254'),('10.0.166.1','00:50:56:89:6c:a0',1,1,166,'eth5.1166','10.0.166.254'),('10.0.167.1','00:50:56:89:6c:a1',1,1,167,'eth5.1167','10.0.167.254'),('10.0.168.1','00:50:56:89:6c:c3',1,1,168,'eth5.1168','10.0.168.254'),('10.0.169.1','00:50:56:89:6c:a3',1,1,169,'eth5.1169','10.0.169.254'),('10.0.17.1','00:50:56:89:6c:0b',1,1,17,'eth1.1017','10.0.17.254'),('10.0.170.1','00:50:56:89:6c:a4',1,1,170,'eth5.1170','10.0.170.254'),('10.0.171.1','00:50:56:89:6c:a5',1,1,171,'eth5.1171','10.0.171.254'),('10.0.172.1','00:50:56:89:6c:a6',1,1,172,'eth5.1172','10.0.172.254'),('10.0.173.1','00:50:56:89:6c:a7',1,1,173,'eth5.1173','10.0.173.254'),('10.0.174.1','00:50:56:89:6c:a8',1,1,174,'eth5.1174','10.0.174.254'),('10.0.175.1','00:50:56:89:6c:a9',1,1,175,'eth5.1175','10.0.175.254'),('10.0.176.1','00:50:56:89:6c:aa',1,1,176,'eth5.1176','10.0.176.254'),('10.0.177.1','00:50:56:89:6c:ab',1,1,177,'eth5.1177','10.0.177.254'),('10.0.178.1','00:50:56:89:6c:ac',1,1,178,'eth5.1178','10.0.178.254'),('10.0.179.1','00:50:56:89:6c:ad',1,1,179,'eth5.1179','10.0.179.254'),('10.0.18.1','00:50:56:89:6c:0c',1,1,18,'eth1.1018','10.0.18.254'),('10.0.180.1','00:50:56:89:6c:ae',1,1,180,'eth5.1180','10.0.180.254'),('10.0.181.1','00:50:56:89:6c:af',1,1,181,'eth5.1181','10.0.181.254'),('10.0.182.1','00:50:56:89:6c:b0',1,1,182,'eth5.1182','10.0.182.254'),('10.0.183.1','00:50:56:89:6c:b1',1,1,183,'eth5.1183','10.0.183.254'),('10.0.184.1','00:50:56:89:6c:b2',1,1,184,'eth5.1184','10.0.184.254'),('10.0.185.1','00:50:56:89:6c:b3',1,1,185,'eth5.1185','10.0.185.254'),('10.0.186.1','00:50:56:89:6c:b4',1,1,186,'eth5.1186','10.0.186.254'),('10.0.187.1','00:50:56:89:6c:b5',1,1,187,'eth5.1187','10.0.187.254'),('10.0.188.1','00:50:56:89:6c:b6',1,1,188,'eth5.1188','10.0.188.254'),('10.0.189.1','00:50:56:89:6c:b7',1,1,189,'eth5.1189','10.0.189.254'),('10.0.19.1','00:50:56:89:6c:0d',1,1,19,'eth1.1019','10.0.19.254'),('10.0.190.1','00:50:56:89:6c:b8',1,1,190,'eth5.1190','10.0.190.254'),('10.0.191.1','00:50:56:89:6c:b9',1,1,191,'eth5.1191','10.0.191.254'),('10.0.192.1','00:50:56:89:6c:ba',1,1,192,'eth5.1192','10.0.192.254'),('10.0.193.1','00:50:56:89:6c:bb',1,1,193,'eth5.1193','10.0.193.254'),('10.0.194.1','00:50:56:89:6c:bc',1,1,194,'eth5.1194','10.0.194.254'),('10.0.195.1','00:50:56:89:6c:bd',1,1,195,'eth5.1195','10.0.195.254'),('10.0.196.1','00:50:56:89:6c:be',1,1,196,'eth5.1196','10.0.196.254'),('10.0.197.1','00:50:56:89:6c:bf',1,1,197,'eth5.1197','10.0.197.254'),('10.0.198.1','00:50:56:89:6c:c0',1,1,198,'eth5.1198','10.0.198.254'),('10.0.199.1','00:50:56:89:6c:c1',1,1,199,'eth5.1199','10.0.199.254'),('10.0.2.1','00:50:56:89:6b:fc',1,1,2,'eth1.1002','10.0.2.254'),('10.0.20.1','00:50:56:89:6c:0e',1,1,20,'eth1.1020','10.0.20.254'),('10.0.200.1','00:50:56:89:6c:c2',1,1,200,'eth5.1200','10.0.200.254'),('10.0.21.1','00:50:56:89:6c:0f',1,1,21,'eth1.1021','10.0.21.254'),('10.0.22.1','00:50:56:89:6c:10',1,1,22,'eth1.1022','10.0.22.254'),('10.0.23.1','00:50:56:89:6c:11',1,1,23,'eth1.1023','10.0.23.254'),('10.0.24.1','00:50:56:89:6c:12',1,1,24,'eth1.1024','10.0.24.254'),('10.0.25.1','00:50:56:89:6c:13',1,1,25,'eth1.1025','10.0.25.254'),('10.0.26.1','00:50:56:89:6c:14',1,1,26,'eth1.1026','10.0.26.254'),('10.0.27.1','00:50:56:89:6c:15',1,1,27,'eth1.1027','10.0.27.254'),('10.0.28.1','00:50:56:89:6c:16',1,1,28,'eth1.1028','10.0.28.254'),('10.0.29.1','00:50:56:89:6c:17',1,1,29,'eth1.1029','10.0.29.254'),('10.0.3.1','00:50:56:89:6b:fd',1,1,3,'eth1.1003','10.0.3.254'),('10.0.30.1','00:50:56:89:6c:18',1,1,30,'eth1.1030','10.0.30.254'),('10.0.31.1','00:50:56:89:6c:19',1,1,31,'eth1.1031','10.0.31.254'),('10.0.32.1','00:50:56:89:6c:1a',1,1,32,'eth1.1032','10.0.32.254'),('10.0.33.1','00:50:56:89:6c:1b',1,1,33,'eth1.1033','10.0.33.254'),('10.0.34.1','00:50:56:89:6c:1c',1,1,34,'eth1.1034','10.0.34.254'),('10.0.35.1','00:50:56:89:6c:1d',1,1,35,'eth1.1035','10.0.35.254'),('10.0.36.1','00:50:56:89:6c:1e',1,1,36,'eth1.1036','10.0.36.254'),('10.0.37.1','00:50:56:89:6c:1f',1,1,37,'eth1.1037','10.0.37.254'),('10.0.38.1','00:50:56:89:6c:20',1,1,38,'eth1.1038','10.0.38.254'),('10.0.39.1','00:50:56:89:6c:21',1,1,39,'eth1.1039','10.0.39.254'),('10.0.4.1','00:50:56:89:6b:fe',1,1,4,'eth1.1004','10.0.4.254'),('10.0.40.1','00:50:56:89:6c:22',1,1,40,'eth1.1040','10.0.40.254'),('10.0.41.1','00:50:56:89:6c:23',1,1,41,'eth2.1041','10.0.41.254'),('10.0.42.1','00:50:56:89:6c:24',1,1,42,'eth2.1042','10.0.42.254'),('10.0.43.1','00:50:56:89:6c:25',1,1,43,'eth2.1043','10.0.43.254'),('10.0.44.1','00:50:56:89:6c:26',1,1,44,'eth2.1044','10.0.44.254'),('10.0.45.1','00:50:56:89:6c:27',1,1,45,'eth2.1045','10.0.45.254'),('10.0.46.1','00:50:56:89:6c:28',1,1,46,'eth2.1046','10.0.46.254'),('10.0.47.1','00:50:56:89:6c:29',1,1,47,'eth2.1047','10.0.47.254'),('10.0.48.1','00:50:56:89:6c:2a',1,1,48,'eth2.1048','10.0.48.254'),('10.0.49.1','00:50:56:89:6c:2b',1,1,49,'eth2.1049','10.0.49.254'),('10.0.5.1','00:50:56:89:6b:ff',1,1,5,'eth1.1005','10.0.5.254'),('10.0.50.1','00:50:56:89:6c:2c',1,1,50,'eth2.1050','10.0.50.254'),('10.0.51.1','00:50:56:89:6c:2d',1,1,51,'eth2.1051','10.0.51.254'),('10.0.52.1','00:50:56:89:6c:2e',1,1,52,'eth2.1052','10.0.52.254'),('10.0.53.1','00:50:56:89:6c:2f',1,1,53,'eth2.1053','10.0.53.254'),('10.0.54.1','00:50:56:89:6c:30',1,1,54,'eth2.1054','10.0.54.254'),('10.0.55.1','00:50:56:89:6c:31',1,1,55,'eth2.1055','10.0.55.254'),('10.0.56.1','00:50:56:89:6c:32',1,1,56,'eth2.1056','10.0.56.254'),('10.0.57.1','00:50:56:89:6c:33',1,1,57,'eth2.1057','10.0.57.254'),('10.0.58.1','00:50:56:89:6c:34',1,1,58,'eth2.1058','10.0.58.254'),('10.0.59.1','00:50:56:89:6c:35',1,1,59,'eth2.1059','10.0.59.254'),('10.0.6.1','00:50:56:89:6c:00',1,1,6,'eth1.1006','10.0.6.254'),('10.0.60.1','00:50:56:89:6c:36',1,1,60,'eth2.1060','10.0.60.254'),('10.0.61.1','00:50:56:89:6c:37',1,1,61,'eth2.1061','10.0.61.254'),('10.0.62.1','00:50:56:89:6c:38',1,1,62,'eth2.1062','10.0.62.254'),('10.0.63.1','00:50:56:89:6c:39',1,1,63,'eth2.1063','10.0.63.254'),('10.0.64.1','00:50:56:89:6c:3a',1,1,64,'eth2.1064','10.0.64.254'),('10.0.65.1','00:50:56:89:6c:3b',1,1,65,'eth2.1065','10.0.65.254'),('10.0.66.1','00:50:56:89:6c:3c',1,1,66,'eth2.1066','10.0.66.254'),('10.0.67.1','00:50:56:89:6c:3d',1,1,67,'eth2.1067','10.0.67.254'),('10.0.68.1','00:50:56:89:6c:3e',1,1,68,'eth2.1068','10.0.68.254'),('10.0.69.1','00:50:56:89:6c:3f',1,1,69,'eth2.1069','10.0.69.254'),('10.0.7.1','00:50:56:89:6c:01',1,1,7,'eth1.1007','10.0.7.254'),('10.0.70.1','00:50:56:89:6c:40',1,1,70,'eth2.1070','10.0.70.254'),('10.0.71.1','00:50:56:89:6c:41',1,1,71,'eth2.1071','10.0.71.254'),('10.0.72.1','00:50:56:89:6c:42',1,1,72,'eth2.1072','10.0.72.254'),('10.0.73.1','00:50:56:89:6c:43',1,1,73,'eth2.1073','10.0.73.254'),('10.0.74.1','00:50:56:89:6c:44',1,1,74,'eth2.1074','10.0.74.254'),('10.0.75.1','00:50:56:89:6c:45',1,1,75,'eth2.1075','10.0.75.254'),('10.0.76.1','00:50:56:89:6c:46',1,1,76,'eth2.1076','10.0.76.254'),('10.0.77.1','00:50:56:89:6c:47',1,1,77,'eth2.1077','10.0.77.254'),('10.0.78.1','00:50:56:89:6c:48',1,1,78,'eth2.1078','10.0.78.254'),('10.0.79.1','00:50:56:89:6c:49',1,1,79,'eth2.1079','10.0.79.254'),('10.0.8.1','00:50:56:89:6c:02',1,1,8,'eth1.1008','10.0.8.254'),('10.0.80.1','00:50:56:89:6c:4a',1,1,80,'eth2.1080','10.0.80.254'),('10.0.81.1','00:50:56:89:6c:4b',1,1,81,'eth3.1081','10.0.81.254'),('10.0.82.1','00:50:56:89:6c:4c',1,1,82,'eth3.1082','10.0.82.254'),('10.0.83.1','00:50:56:89:6c:4d',1,1,83,'eth3.1083','10.0.83.254'),('10.0.84.1','00:50:56:89:6c:4e',1,1,84,'eth3.1084','10.0.84.254'),('10.0.85.1','00:50:56:89:6c:4f',1,1,85,'eth3.1085','10.0.85.254'),('10.0.86.1','00:50:56:89:6c:50',1,1,86,'eth3.1086','10.0.86.254'),('10.0.87.1','00:50:56:89:6c:51',1,1,87,'eth3.1087','10.0.87.254'),('10.0.88.1','00:50:56:89:6c:52',1,1,88,'eth3.1088','10.0.88.254'),('10.0.89.1','00:50:56:89:6c:53',1,1,89,'eth3.1089','10.0.89.254'),('10.0.9.1','00:50:56:89:6c:03',1,1,9,'eth1.1009','10.0.9.254'),('10.0.90.1','00:50:56:89:6c:54',1,1,90,'eth3.1090','10.0.90.254'),('10.0.91.1','00:50:56:89:6c:55',1,1,91,'eth3.1091','10.0.91.254'),('10.0.92.1','00:50:56:89:6c:56',1,1,92,'eth3.1092','10.0.92.254'),('10.0.93.1','00:50:56:89:6c:57',1,1,93,'eth3.1093','10.0.93.254'),('10.0.94.1','00:50:56:89:6c:58',1,1,94,'eth3.1094','10.0.94.254'),('10.0.95.1','00:50:56:89:6c:59',1,1,95,'eth3.1095','10.0.95.254'),('10.0.96.1','00:50:56:89:6c:5a',1,1,96,'eth3.1096','10.0.96.254'),('10.0.97.1','00:50:56:89:6c:5b',1,1,97,'eth3.1097','10.0.97.254'),('10.0.98.1','00:50:56:89:6c:5c',1,1,98,'eth3.1098','10.0.98.254'),('10.0.99.1','00:50:56:89:6c:5d',1,1,99,'eth3.1099','10.0.99.254'),('10.2.1.1','00:50:56:89:6e:60',1,2,1,'eth1.1201','10.2.1.254'),('10.2.10.1','00:50:56:89:6d:0c',1,2,10,'eth1.1210','10.2.10.254'),('10.2.100.1','00:50:56:89:6d:c1',1,2,100,'eth3.1300','10.2.100.254'),('10.2.101.1','00:50:56:89:6d:c3',1,2,101,'eth3.1301','10.2.101.254'),('10.2.102.1','00:50:56:89:6d:c5',1,2,102,'eth3.1302','10.2.102.254'),('10.2.103.1','00:50:56:89:6d:c7',1,2,103,'eth3.1303','10.2.103.254'),('10.2.104.1','00:50:56:89:6d:c9',1,2,104,'eth3.1304','10.2.104.254'),('10.2.105.1','00:50:56:89:6d:cb',1,2,105,'eth3.1305','10.2.105.254'),('10.2.106.1','00:50:56:89:6d:cd',1,2,106,'eth3.1306','10.2.106.254'),('10.2.107.1','00:50:56:89:6d:cf',1,2,107,'eth3.1307','10.2.107.254'),('10.2.108.1','00:50:56:89:6d:d1',1,2,108,'eth3.1308','10.2.108.254'),('10.2.109.1','00:50:56:89:6d:d3',1,2,109,'eth3.1309','10.2.109.254'),('10.2.11.1','00:50:56:89:6d:0e',1,2,11,'eth1.1211','10.2.11.254'),('10.2.110.1','00:50:56:89:6d:d5',1,2,110,'eth3.1310','10.2.110.254'),('10.2.111.1','00:50:56:89:6d:d7',1,2,111,'eth3.1311','10.2.111.254'),('10.2.112.1','00:50:56:89:6d:d9',1,2,112,'eth3.1312','10.2.112.254'),('10.2.113.1','00:50:56:89:6d:db',1,2,113,'eth3.1313','10.2.113.254'),('10.2.114.1','00:50:56:89:6d:dd',1,2,114,'eth3.1314','10.2.114.254'),('10.2.115.1','00:50:56:89:6d:df',1,2,115,'eth3.1315','10.2.115.254'),('10.2.116.1','00:50:56:89:6d:e1',1,2,116,'eth3.1316','10.2.116.254'),('10.2.117.1','00:50:56:89:6d:e3',1,2,117,'eth3.1317','10.2.117.254'),('10.2.118.1','00:50:56:89:6d:e5',1,2,118,'eth3.1318','10.2.118.254'),('10.2.119.1','00:50:56:89:6d:e7',1,2,119,'eth3.1319','10.2.119.254'),('10.2.12.1','00:50:56:89:6d:10',1,2,12,'eth1.1212','10.2.12.254'),('10.2.120.1','00:50:56:89:6d:e9',1,2,120,'eth3.1320','10.2.120.254'),('10.2.121.1','00:50:56:89:6d:eb',1,2,121,'eth4.1321','10.2.121.254'),('10.2.122.1','00:50:56:89:6d:ed',1,2,122,'eth4.1322','10.2.122.254'),('10.2.123.1','00:50:56:89:6d:ef',1,2,123,'eth4.1323','10.2.123.254'),('10.2.124.1','00:50:56:89:6d:f1',1,2,124,'eth4.1324','10.2.124.254'),('10.2.125.1','00:50:56:89:6d:f3',1,2,125,'eth4.1325','10.2.125.254'),('10.2.126.1','00:50:56:89:6d:f5',1,2,126,'eth4.1326','10.2.126.254'),('10.2.127.1','00:50:56:89:6d:f7',1,2,127,'eth4.1327','10.2.127.254'),('10.2.128.1','00:50:56:89:6d:f9',1,2,128,'eth4.1328','10.2.128.254'),('10.2.129.1','00:50:56:89:6d:fb',1,2,129,'eth4.1329','10.2.129.254'),('10.2.13.1','00:50:56:89:6d:12',1,2,13,'eth1.1213','10.2.13.254'),('10.2.130.1','00:50:56:89:6d:fd',1,2,130,'eth4.1330','10.2.130.254'),('10.2.131.1','00:50:56:89:6d:ff',1,2,131,'eth4.1331','10.2.131.254'),('10.2.132.1','00:50:56:89:6e:01',1,2,132,'eth4.1332','10.2.132.254'),('10.2.133.1','00:50:56:89:6e:03',1,2,133,'eth4.1333','10.2.133.254'),('10.2.134.1','00:50:56:89:6e:05',1,2,134,'eth4.1334','10.2.134.254'),('10.2.135.1','00:50:56:89:6e:07',1,2,135,'eth4.1335','10.2.135.254'),('10.2.136.1','00:50:56:89:6e:09',1,2,136,'eth4.1336','10.2.136.254'),('10.2.137.1','00:50:56:89:6e:0b',1,2,137,'eth4.1337','10.2.137.254'),('10.2.138.1','00:50:56:89:6e:0d',1,2,138,'eth4.1338','10.2.138.254'),('10.2.139.1','00:50:56:89:6e:0f',1,2,139,'eth4.1339','10.2.139.254'),('10.2.14.1','00:50:56:89:6d:14',1,2,14,'eth1.1214','10.2.14.254'),('10.2.140.1','00:50:56:89:6e:11',1,2,140,'eth4.1340','10.2.140.254'),('10.2.141.1','00:50:56:89:6e:13',1,2,141,'eth4.1341','10.2.141.254'),('10.2.142.1','00:50:56:89:6e:15',1,2,142,'eth4.1342','10.2.142.254'),('10.2.143.1','00:50:56:89:6e:17',1,2,143,'eth4.1343','10.2.143.254'),('10.2.144.1','00:50:56:89:6e:19',1,2,144,'eth4.1344','10.2.144.254'),('10.2.145.1','00:50:56:89:6e:1b',1,2,145,'eth4.1345','10.2.145.254'),('10.2.146.1','00:50:56:89:6e:1d',1,2,146,'eth4.1346','10.2.146.254'),('10.2.147.1','00:50:56:89:6e:1f',1,2,147,'eth4.1347','10.2.147.254'),('10.2.148.1','00:50:56:89:6e:21',1,2,148,'eth4.1348','10.2.148.254'),('10.2.149.1','00:50:56:89:6e:23',1,2,149,'eth4.1349','10.2.149.254'),('10.2.15.1','00:50:56:89:6d:16',1,2,15,'eth1.1215','10.2.15.254'),('10.2.150.1','00:50:56:89:6e:25',1,2,150,'eth4.1350','10.2.150.254'),('10.2.151.1','00:50:56:89:6e:27',1,2,151,'eth4.1351','10.2.151.254'),('10.2.152.1','00:50:56:89:6e:29',1,2,152,'eth4.1352','10.2.152.254'),('10.2.153.1','00:50:56:89:6e:2b',1,2,153,'eth4.1353','10.2.153.254'),('10.2.154.1','00:50:56:89:6e:2d',1,2,154,'eth4.1354','10.2.154.254'),('10.2.155.1','00:50:56:89:6e:2f',1,2,155,'eth4.1355','10.2.155.254'),('10.2.156.1','00:50:56:89:6e:31',1,2,156,'eth4.1356','10.2.156.254'),('10.2.157.1','00:50:56:89:6e:33',1,2,157,'eth4.1357','10.2.157.254'),('10.2.158.1','00:50:56:89:6e:35',1,2,158,'eth4.1358','10.2.158.254'),('10.2.159.1','00:50:56:89:6e:37',1,2,159,'eth4.1359','10.2.159.254'),('10.2.16.1','00:50:56:89:6d:18',1,2,16,'eth1.1216','10.2.16.254'),('10.2.160.1','00:50:56:89:6e:39',1,2,160,'eth4.1360','10.2.160.254'),('10.2.161.1','00:50:56:89:6e:3b',1,2,161,'eth5.1361','10.2.161.254'),('10.2.162.1','00:50:56:89:6e:3d',1,2,162,'eth5.1362','10.2.162.254'),('10.2.163.1','00:50:56:89:6e:3f',1,2,163,'eth5.1363','10.2.163.254'),('10.2.164.1','00:50:56:89:6e:41',1,2,164,'eth5.1364','10.2.164.254'),('10.2.165.1','00:50:56:89:6e:43',1,2,165,'eth5.1365','10.2.165.254'),('10.2.166.1','00:50:56:89:6e:45',1,2,166,'eth5.1366','10.2.166.254'),('10.2.167.1','00:50:56:89:6e:47',1,2,167,'eth5.1367','10.2.167.254'),('10.2.168.1','00:50:56:89:6e:49',1,2,168,'eth5.1368','10.2.168.254'),('10.2.169.1','00:50:56:89:6e:4b',1,2,169,'eth5.1369','10.2.169.254'),('10.2.17.1','00:50:56:89:6d:1a',1,2,17,'eth1.1217','10.2.17.254'),('10.2.170.1','00:50:56:89:6e:4d',1,2,170,'eth5.1370','10.2.170.254'),('10.2.171.1','00:50:56:89:6e:4f',1,2,171,'eth5.1371','10.2.171.254'),('10.2.172.1','00:50:56:89:6e:51',1,2,172,'eth5.1372','10.2.172.254'),('10.2.173.1','00:50:56:89:6e:53',1,2,173,'eth5.1373','10.2.173.254'),('10.2.174.1','00:50:56:89:6e:55',1,2,174,'eth5.1374','10.2.174.254'),('10.2.175.1','00:50:56:89:6e:57',1,2,175,'eth5.1375','10.2.175.254'),('10.2.176.1','00:50:56:89:6e:59',1,2,176,'eth5.1376','10.2.176.254'),('10.2.177.1','00:50:56:89:6e:5d',1,2,177,'eth5.1377','10.2.177.254'),('10.2.178.1','00:50:56:89:6e:5e',1,2,178,'eth5.1378','10.2.178.254'),('10.2.179.1','00:50:56:89:6e:5f',1,2,179,'eth5.1379','10.2.179.254'),('10.2.18.1','00:50:56:89:6d:1c',1,2,18,'eth1.1218','10.2.18.254'),('10.2.180.1','00:50:56:89:6e:61',1,2,180,'eth5.1380','10.2.180.254'),('10.2.181.1','00:50:56:89:6e:62',1,2,181,'eth5.1381','10.2.181.254'),('10.2.182.1','00:50:56:89:6e:63',1,2,182,'eth5.1382','10.2.182.254'),('10.2.183.1','00:50:56:89:6e:64',1,2,183,'eth5.1383','10.2.183.254'),('10.2.184.1','00:50:56:89:6e:65',1,2,184,'eth5.1384','10.2.184.254'),('10.2.185.1','00:50:56:89:6e:66',1,2,185,'eth5.1385','10.2.185.254'),('10.2.186.1','00:50:56:89:6e:67',1,2,186,'eth5.1386','10.2.186.254'),('10.2.187.1','00:50:56:89:6e:68',1,2,187,'eth5.1387','10.2.187.254'),('10.2.188.1','00:50:56:89:6e:69',1,2,188,'eth5.1388','10.2.188.254'),('10.2.189.1','00:50:56:89:6e:6a',1,2,189,'eth5.1389','10.2.189.254'),('10.2.19.1','00:50:56:89:6d:1e',1,2,19,'eth1.1219','10.2.19.254'),('10.2.190.1','00:50:56:89:6e:6b',1,2,190,'eth5.1390','10.2.190.254'),('10.2.191.1','00:50:56:89:6e:6c',1,2,191,'eth5.1391','10.2.191.254'),('10.2.192.1','00:50:56:89:6e:6d',1,2,192,'eth5.1392','10.2.192.254'),('10.2.193.1','00:50:56:89:6e:6e',1,2,193,'eth5.1393','10.2.193.254'),('10.2.194.1','00:50:56:89:6e:6f',1,2,194,'eth5.1394','10.2.194.254'),('10.2.195.1','00:50:56:89:6e:70',1,2,195,'eth5.1395','10.2.195.254'),('10.2.196.1','00:50:56:89:6e:71',1,2,196,'eth5.1396','10.2.196.254'),('10.2.197.1','00:50:56:89:6e:72',1,2,197,'eth5.1397','10.2.197.254'),('10.2.198.1','00:50:56:89:6e:73',1,2,198,'eth5.1398','10.2.198.254'),('10.2.199.1','00:50:56:89:6e:74',1,2,199,'eth5.1399','10.2.199.254'),('10.2.2.1','00:50:56:89:6c:fc',1,2,2,'eth1.1202','10.2.2.254'),('10.2.20.1','00:50:56:89:6d:20',1,2,20,'eth1.1220','10.2.20.254'),('10.2.200.1','00:50:56:89:6e:75',1,2,200,'eth5.1400','10.2.200.254'),('10.2.21.1','00:50:56:89:6d:22',1,2,21,'eth1.1221','10.2.21.254'),('10.2.22.1','00:50:56:89:6d:24',1,2,22,'eth1.1222','10.2.22.254'),('10.2.23.1','00:50:56:89:6d:26',1,2,23,'eth1.1223','10.2.23.254'),('10.2.24.1','00:50:56:89:6d:28',1,2,24,'eth1.1224','10.2.24.254'),('10.2.25.1','00:50:56:89:6d:2a',1,2,25,'eth1.1225','10.2.25.254'),('10.2.26.1','00:50:56:89:6d:2c',1,2,26,'eth1.1226','10.2.26.254'),('10.2.27.1','00:50:56:89:6d:2e',1,2,27,'eth1.1227','10.2.27.254'),('10.2.28.1','00:50:56:89:6d:30',1,2,28,'eth1.1228','10.2.28.254'),('10.2.29.1','00:50:56:89:6d:32',1,2,29,'eth1.1229','10.2.29.254'),('10.2.3.1','00:50:56:89:6c:fe',1,2,3,'eth1.1203','10.2.3.254'),('10.2.30.1','00:50:56:89:6d:34',1,2,30,'eth1.1230','10.2.30.254'),('10.2.31.1','00:50:56:89:6d:36',1,2,31,'eth1.1231','10.2.31.254'),('10.2.32.1','00:50:56:89:6d:38',1,2,32,'eth1.1232','10.2.32.254'),('10.2.33.1','00:50:56:89:6d:3a',1,2,33,'eth1.1233','10.2.33.254'),('10.2.34.1','00:50:56:89:6d:3c',1,2,34,'eth1.1234','10.2.34.254'),('10.2.35.1','00:50:56:89:6d:3e',1,2,35,'eth1.1235','10.2.35.254'),('10.2.36.1','00:50:56:89:6d:40',1,2,36,'eth1.1236','10.2.36.254'),('10.2.37.1','00:50:56:89:6d:42',1,2,37,'eth1.1237','10.2.37.254'),('10.2.38.1','00:50:56:89:6d:44',1,2,38,'eth1.1238','10.2.38.254'),('10.2.39.1','00:50:56:89:6d:46',1,2,39,'eth1.1239','10.2.39.254'),('10.2.4.1','00:50:56:89:6d:00',1,2,4,'eth1.1204','10.2.4.254'),('10.2.40.1','00:50:56:89:6d:48',1,2,40,'eth1.1240','10.2.40.254'),('10.2.41.1','00:50:56:89:6d:4a',1,2,41,'eth2.1241','10.2.41.254'),('10.2.42.1','00:50:56:89:6d:4c',1,2,42,'eth2.1242','10.2.42.254'),('10.2.43.1','00:50:56:89:6d:4e',1,2,43,'eth2.1243','10.2.43.254'),('10.2.44.1','00:50:56:89:6d:50',1,2,44,'eth2.1244','10.2.44.254'),('10.2.45.1','00:50:56:89:6d:52',1,2,45,'eth2.1245','10.2.45.254'),('10.2.46.1','00:50:56:89:6d:54',1,2,46,'eth2.1246','10.2.46.254'),('10.2.47.1','00:50:56:89:6d:56',1,2,47,'eth2.1247','10.2.47.254'),('10.2.48.1','00:50:56:89:6d:58',1,2,48,'eth2.1248','10.2.48.254'),('10.2.49.1','00:50:56:89:6d:5a',1,2,49,'eth2.1249','10.2.49.254'),('10.2.5.1','00:50:56:89:6d:02',1,2,5,'eth1.1205','10.2.5.254'),('10.2.50.1','00:50:56:89:6d:5c',1,2,50,'eth2.1250','10.2.50.254'),('10.2.51.1','00:50:56:89:6d:5e',1,2,51,'eth2.1251','10.2.51.254'),('10.2.52.1','00:50:56:89:6d:60',1,2,52,'eth2.1252','10.2.52.254'),('10.2.53.1','00:50:56:89:6d:62',1,2,53,'eth2.1253','10.2.53.254'),('10.2.54.1','00:50:56:89:6d:64',1,2,54,'eth2.1254','10.2.54.254'),('10.2.55.1','00:50:56:89:6d:66',1,2,55,'eth2.1255','10.2.55.254'),('10.2.56.1','00:50:56:89:6d:68',1,2,56,'eth2.1256','10.2.56.254'),('10.2.57.1','00:50:56:89:6d:6a',1,2,57,'eth2.1257','10.2.57.254'),('10.2.58.1','00:50:56:89:6d:6c',1,2,58,'eth2.1258','10.2.58.254'),('10.2.59.1','00:50:56:89:6d:6e',1,2,59,'eth2.1259','10.2.59.254'),('10.2.6.1','00:50:56:89:6d:04',1,2,6,'eth1.1206','10.2.6.254'),('10.2.60.1','00:50:56:89:6d:70',1,2,60,'eth2.1260','10.2.60.254'),('10.2.61.1','00:50:56:89:6d:72',1,2,61,'eth2.1261','10.2.61.254'),('10.2.62.1','00:50:56:89:6d:74',1,2,62,'eth2.1262','10.2.62.254'),('10.2.63.1','00:50:56:89:6d:76',1,2,63,'eth2.1263','10.2.63.254'),('10.2.64.1','00:50:56:89:6d:78',1,2,64,'eth2.1264','10.2.64.254'),('10.2.65.1','00:50:56:89:6d:7a',1,2,65,'eth2.1265','10.2.65.254'),('10.2.66.1','00:50:56:89:6d:7c',1,2,66,'eth2.1266','10.2.66.254'),('10.2.67.1','00:50:56:89:6d:7e',1,2,67,'eth2.1267','10.2.67.254'),('10.2.68.1','00:50:56:89:6d:80',1,2,68,'eth2.1268','10.2.68.254'),('10.2.69.1','00:50:56:89:6d:82',1,2,69,'eth2.1269','10.2.69.254'),('10.2.7.1','00:50:56:89:6d:06',1,2,7,'eth1.1207','10.2.7.254'),('10.2.70.1','00:50:56:89:6d:84',1,2,70,'eth2.1270','10.2.70.254'),('10.2.71.1','00:50:56:89:6d:86',1,2,71,'eth2.1271','10.2.71.254'),('10.2.72.1','00:50:56:89:6d:88',1,2,72,'eth2.1272','10.2.72.254'),('10.2.73.1','00:50:56:89:6d:8a',1,2,73,'eth2.1273','10.2.73.254'),('10.2.74.1','00:50:56:89:6d:8c',1,2,74,'eth2.1274','10.2.74.254'),('10.2.75.1','00:50:56:89:6d:8e',1,2,75,'eth2.1275','10.2.75.254'),('10.2.76.1','00:50:56:89:6d:90',1,2,76,'eth2.1276','10.2.76.254'),('10.2.77.1','00:50:56:89:6d:92',1,2,77,'eth2.1277','10.2.77.254'),('10.2.78.1','00:50:56:89:6d:94',1,2,78,'eth2.1278','10.2.78.254'),('10.2.79.1','00:50:56:89:6d:96',1,2,79,'eth2.1279','10.2.79.254'),('10.2.8.1','00:50:56:89:6d:08',1,2,8,'eth1.1208','10.2.8.254'),('10.2.80.1','00:50:56:89:6d:98',1,2,80,'eth2.1280','10.2.80.254'),('10.2.81.1','00:50:56:89:6d:9a',1,2,81,'eth3.1281','10.2.81.254'),('10.2.82.1','00:50:56:89:6d:9c',1,2,82,'eth3.1282','10.2.82.254'),('10.2.83.1','00:50:56:89:6d:9e',1,2,83,'eth3.1283','10.2.83.254'),('10.2.84.1','00:50:56:89:6d:a0',1,2,84,'eth3.1284','10.2.84.254'),('10.2.85.1','00:50:56:89:6d:a2',1,2,85,'eth3.1285','10.2.85.254'),('10.2.86.1','00:50:56:89:6d:a4',1,2,86,'eth3.1286','10.2.86.254'),('10.2.87.1','00:50:56:89:6d:a6',1,2,87,'eth3.1287','10.2.87.254'),('10.2.88.1','00:50:56:89:6d:a8',1,2,88,'eth3.1288','10.2.88.254'),('10.2.89.1','00:50:56:89:6d:aa',1,2,89,'eth3.1289','10.2.89.254'),('10.2.9.1','00:50:56:89:6d:0a',1,2,9,'eth1.1209','10.2.9.254'),('10.2.90.1','00:50:56:89:6d:ac',1,2,90,'eth3.1290','10.2.90.254'),('10.2.91.1','00:50:56:89:6d:ae',1,2,91,'eth3.1291','10.2.91.254'),('10.2.92.1','00:50:56:89:6d:b0',1,2,92,'eth3.1292','10.2.92.254'),('10.2.93.1','00:50:56:89:6d:b2',1,2,93,'eth3.1293','10.2.93.254'),('10.2.94.1','00:50:56:89:6d:b4',1,2,94,'eth3.1294','10.2.94.254'),('10.2.95.1','00:50:56:89:6d:b6',1,2,95,'eth3.1295','10.2.95.254'),('10.2.96.1','00:50:56:89:6d:b8',1,2,96,'eth3.1296','10.2.96.254'),('10.2.97.1','00:50:56:89:6d:bb',1,2,97,'eth3.1297','10.2.97.254'),('10.2.98.1','00:50:56:89:6d:bd',1,2,98,'eth3.1298','10.2.98.254'),('10.2.99.1','00:50:56:89:6d:bf',1,2,99,'eth3.1299','10.2.99.254'),('10.4.1.1','00:50:56:89:6c:cb',1,3,1,'eth1.1401','10.4.1.254'),('10.4.10.1','00:50:56:89:6c:dd',1,3,10,'eth1.1410','10.4.10.254'),('10.4.100.1','00:50:56:89:6d:91',1,3,100,'eth3.1500','10.4.100.254'),('10.4.101.1','00:50:56:89:6d:93',1,3,101,'eth3.1501','10.4.101.254'),('10.4.102.1','00:50:56:89:6d:95',1,3,102,'eth3.1502','10.4.102.254'),('10.4.103.1','00:50:56:89:6d:97',1,3,103,'eth3.1503','10.4.103.254'),('10.4.104.1','00:50:56:89:6d:99',1,3,104,'eth3.1504','10.4.104.254'),('10.4.105.1','00:50:56:89:6d:9b',1,3,105,'eth3.1505','10.4.105.254'),('10.4.106.1','00:50:56:89:6d:9d',1,3,106,'eth3.1506','10.4.106.254'),('10.4.107.1','00:50:56:89:6d:9f',1,3,107,'eth3.1507','10.4.107.254'),('10.4.108.1','00:50:56:89:6d:a1',1,3,108,'eth3.1508','10.4.108.254'),('10.4.109.1','00:50:56:89:6d:a3',1,3,109,'eth3.1509','10.4.109.254'),('10.4.11.1','00:50:56:89:6c:df',1,3,11,'eth1.1411','10.4.11.254'),('10.4.110.1','00:50:56:89:6d:a5',1,3,110,'eth3.1510','10.4.110.254'),('10.4.111.1','00:50:56:89:6d:a7',1,3,111,'eth3.1511','10.4.111.254'),('10.4.112.1','00:50:56:89:6d:a9',1,3,112,'eth3.1512','10.4.112.254'),('10.4.113.1','00:50:56:89:6d:ab',1,3,113,'eth3.1513','10.4.113.254'),('10.4.114.1','00:50:56:89:6d:ad',1,3,114,'eth3.1514','10.4.114.254'),('10.4.115.1','00:50:56:89:6d:af',1,3,115,'eth3.1515','10.4.115.254'),('10.4.116.1','00:50:56:89:6d:b1',1,3,116,'eth3.1516','10.4.116.254'),('10.4.117.1','00:50:56:89:6d:b3',1,3,117,'eth3.1517','10.4.117.254'),('10.4.118.1','00:50:56:89:6d:b5',1,3,118,'eth3.1518','10.4.118.254'),('10.4.119.1','00:50:56:89:6d:b7',1,3,119,'eth3.1519','10.4.119.254'),('10.4.12.1','00:50:56:89:6c:e1',1,3,12,'eth1.1412','10.4.12.254'),('10.4.120.1','00:50:56:89:6d:b9',1,3,120,'eth3.1520','10.4.120.254'),('10.4.121.1','00:50:56:89:6d:bc',1,3,121,'eth4.1521','10.4.121.254'),('10.4.122.1','00:50:56:89:6d:be',1,3,122,'eth4.1522','10.4.122.254'),('10.4.123.1','00:50:56:89:6d:c0',1,3,123,'eth4.1523','10.4.123.254'),('10.4.124.1','00:50:56:89:6d:c2',1,3,124,'eth4.1524','10.4.124.254'),('10.4.125.1','00:50:56:89:6d:c4',1,3,125,'eth4.1525','10.4.125.254'),('10.4.126.1','00:50:56:89:6d:c6',1,3,126,'eth4.1526','10.4.126.254'),('10.4.127.1','00:50:56:89:6d:c8',1,3,127,'eth4.1527','10.4.127.254'),('10.4.128.1','00:50:56:89:6d:ca',1,3,128,'eth4.1528','10.4.128.254'),('10.4.129.1','00:50:56:89:6d:cc',1,3,129,'eth4.1529','10.4.129.254'),('10.4.13.1','00:50:56:89:6c:e3',1,3,13,'eth1.1413','10.4.13.254'),('10.4.130.1','00:50:56:89:6d:ce',1,3,130,'eth4.1530','10.4.130.254'),('10.4.131.1','00:50:56:89:6d:d0',1,3,131,'eth4.1531','10.4.131.254'),('10.4.132.1','00:50:56:89:6d:d2',1,3,132,'eth4.1532','10.4.132.254'),('10.4.133.1','00:50:56:89:6d:d4',1,3,133,'eth4.1533','10.4.133.254'),('10.4.134.1','00:50:56:89:6d:d6',1,3,134,'eth4.1534','10.4.134.254'),('10.4.135.1','00:50:56:89:6d:d8',1,3,135,'eth4.1535','10.4.135.254'),('10.4.136.1','00:50:56:89:6d:da',1,3,136,'eth4.1536','10.4.136.254'),('10.4.137.1','00:50:56:89:6d:dc',1,3,137,'eth4.1537','10.4.137.254'),('10.4.138.1','00:50:56:89:6d:de',1,3,138,'eth4.1538','10.4.138.254'),('10.4.139.1','00:50:56:89:6d:e0',1,3,139,'eth4.1539','10.4.139.254'),('10.4.14.1','00:50:56:89:6c:e5',1,3,14,'eth1.1414','10.4.14.254'),('10.4.140.1','00:50:56:89:6d:e2',1,3,140,'eth4.1540','10.4.140.254'),('10.4.141.1','00:50:56:89:6d:e4',1,3,141,'eth4.1541','10.4.141.254'),('10.4.142.1','00:50:56:89:6d:e6',1,3,142,'eth4.1542','10.4.142.254'),('10.4.143.1','00:50:56:89:6d:e8',1,3,143,'eth4.1543','10.4.143.254'),('10.4.144.1','00:50:56:89:6d:ea',1,3,144,'eth4.1544','10.4.144.254'),('10.4.145.1','00:50:56:89:6d:ec',1,3,145,'eth4.1545','10.4.145.254'),('10.4.146.1','00:50:56:89:6d:ee',1,3,146,'eth4.1546','10.4.146.254'),('10.4.147.1','00:50:56:89:6d:f0',1,3,147,'eth4.1547','10.4.147.254'),('10.4.148.1','00:50:56:89:6d:f2',1,3,148,'eth4.1548','10.4.148.254'),('10.4.149.1','00:50:56:89:6d:f4',1,3,149,'eth4.1549','10.4.149.254'),('10.4.15.1','00:50:56:89:6c:e7',1,3,15,'eth1.1415','10.4.15.254'),('10.4.150.1','00:50:56:89:6d:f6',1,3,150,'eth4.1550','10.4.150.254'),('10.4.151.1','00:50:56:89:6d:f8',1,3,151,'eth4.1551','10.4.151.254'),('10.4.152.1','00:50:56:89:6d:fa',1,3,152,'eth4.1552','10.4.152.254'),('10.4.153.1','00:50:56:89:6d:fc',1,3,153,'eth4.1553','10.4.153.254'),('10.4.154.1','00:50:56:89:6d:fe',1,3,154,'eth4.1554','10.4.154.254'),('10.4.155.1','00:50:56:89:6e:00',1,3,155,'eth4.1555','10.4.155.254'),('10.4.156.1','00:50:56:89:6e:02',1,3,156,'eth4.1556','10.4.156.254'),('10.4.157.1','00:50:56:89:6e:04',1,3,157,'eth4.1557','10.4.157.254'),('10.4.158.1','00:50:56:89:6e:06',1,3,158,'eth4.1558','10.4.158.254'),('10.4.159.1','00:50:56:89:6e:08',1,3,159,'eth4.1559','10.4.159.254'),('10.4.16.1','00:50:56:89:6c:e9',1,3,16,'eth1.1416','10.4.16.254'),('10.4.160.1','00:50:56:89:6e:0a',1,3,160,'eth4.1560','10.4.160.254'),('10.4.161.1','00:50:56:89:6e:0c',1,3,161,'eth5.1561','10.4.161.254'),('10.4.162.1','00:50:56:89:6e:0e',1,3,162,'eth5.1562','10.4.162.254'),('10.4.163.1','00:50:56:89:6e:10',1,3,163,'eth5.1563','10.4.163.254'),('10.4.164.1','00:50:56:89:6e:12',1,3,164,'eth5.1564','10.4.164.254'),('10.4.165.1','00:50:56:89:6e:14',1,3,165,'eth5.1565','10.4.165.254'),('10.4.166.1','00:50:56:89:6e:16',1,3,166,'eth5.1566','10.4.166.254'),('10.4.167.1','00:50:56:89:6e:18',1,3,167,'eth5.1567','10.4.167.254'),('10.4.168.1','00:50:56:89:6e:1a',1,3,168,'eth5.1568','10.4.168.254'),('10.4.169.1','00:50:56:89:6e:1c',1,3,169,'eth5.1569','10.4.169.254'),('10.4.17.1','00:50:56:89:6c:eb',1,3,17,'eth1.1417','10.4.17.254'),('10.4.170.1','00:50:56:89:6e:1e',1,3,170,'eth5.1570','10.4.170.254'),('10.4.171.1','00:50:56:89:6e:20',1,3,171,'eth5.1571','10.4.171.254'),('10.4.172.1','00:50:56:89:6e:22',1,3,172,'eth5.1572','10.4.172.254'),('10.4.173.1','00:50:56:89:6e:24',1,3,173,'eth5.1573','10.4.173.254'),('10.4.174.1','00:50:56:89:6e:26',1,3,174,'eth5.1574','10.4.174.254'),('10.4.175.1','00:50:56:89:6e:28',1,3,175,'eth5.1575','10.4.175.254'),('10.4.176.1','00:50:56:89:6e:2a',1,3,176,'eth5.1576','10.4.176.254'),('10.4.177.1','00:50:56:89:6e:2c',1,3,177,'eth5.1577','10.4.177.254'),('10.4.178.1','00:50:56:89:6e:2e',1,3,178,'eth5.1578','10.4.178.254'),('10.4.179.1','00:50:56:89:6e:30',1,3,179,'eth5.1579','10.4.179.254'),('10.4.18.1','00:50:56:89:6c:ed',1,3,18,'eth1.1418','10.4.18.254'),('10.4.180.1','00:50:56:89:6e:32',1,3,180,'eth5.1580','10.4.180.254'),('10.4.181.1','00:50:56:89:6e:34',1,3,181,'eth5.1581','10.4.181.254'),('10.4.182.1','00:50:56:89:6e:36',1,3,182,'eth5.1582','10.4.182.254'),('10.4.183.1','00:50:56:89:6e:38',1,3,183,'eth5.1583','10.4.183.254'),('10.4.184.1','00:50:56:89:6e:3a',1,3,184,'eth5.1584','10.4.184.254'),('10.4.185.1','00:50:56:89:6e:3c',1,3,185,'eth5.1585','10.4.185.254'),('10.4.186.1','00:50:56:89:6e:3e',1,3,186,'eth5.1586','10.4.186.254'),('10.4.187.1','00:50:56:89:6e:40',1,3,187,'eth5.1587','10.4.187.254'),('10.4.188.1','00:50:56:89:6e:42',1,3,188,'eth5.1588','10.4.188.254'),('10.4.189.1','00:50:56:89:6e:44',1,3,189,'eth5.1589','10.4.189.254'),('10.4.19.1','00:50:56:89:6c:ef',1,3,19,'eth1.1419','10.4.19.254'),('10.4.190.1','00:50:56:89:6e:46',1,3,190,'eth5.1590','10.4.190.254'),('10.4.191.1','00:50:56:89:6e:48',1,3,191,'eth5.1591','10.4.191.254'),('10.4.192.1','00:50:56:89:6e:4a',1,3,192,'eth5.1592','10.4.192.254'),('10.4.193.1','00:50:56:89:6e:4c',1,3,193,'eth5.1593','10.4.193.254'),('10.4.194.1','00:50:56:89:6e:4e',1,3,194,'eth5.1594','10.4.194.254'),('10.4.195.1','00:50:56:89:6e:50',1,3,195,'eth5.1595','10.4.195.254'),('10.4.196.1','00:50:56:89:6e:52',1,3,196,'eth5.1596','10.4.196.254'),('10.4.197.1','00:50:56:89:6e:54',1,3,197,'eth5.1597','10.4.197.254'),('10.4.198.1','00:50:56:89:6e:56',1,3,198,'eth5.1598','10.4.198.254'),('10.4.199.1','00:50:56:89:6e:58',1,3,199,'eth5.1599','10.4.199.254'),('10.4.2.1','00:50:56:89:6c:cd',1,3,2,'eth1.1402','10.4.2.254'),('10.4.20.1','00:50:56:89:6c:f1',1,3,20,'eth1.1420','10.4.20.254'),('10.4.200.1','00:50:56:89:6e:5a',1,3,200,'eth5.1600','10.4.200.254'),('10.4.21.1','00:50:56:89:6c:f3',1,3,21,'eth1.1421','10.4.21.254'),('10.4.22.1','00:50:56:89:6c:f5',1,3,22,'eth1.1422','10.4.22.254'),('10.4.23.1','00:50:56:89:6c:f7',1,3,23,'eth1.1423','10.4.23.254'),('10.4.24.1','00:50:56:89:6c:f9',1,3,24,'eth1.1424','10.4.24.254'),('10.4.25.1','00:50:56:89:6c:fb',1,3,25,'eth1.1425','10.4.25.254'),('10.4.26.1','00:50:56:89:6c:fd',1,3,26,'eth1.1426','10.4.26.254'),('10.4.27.1','00:50:56:89:6c:ff',1,3,27,'eth1.1427','10.4.27.254'),('10.4.28.1','00:50:56:89:6d:01',1,3,28,'eth1.1428','10.4.28.254'),('10.4.29.1','00:50:56:89:6d:03',1,3,29,'eth1.1429','10.4.29.254'),('10.4.3.1','00:50:56:89:6c:cf',1,3,3,'eth1.1403','10.4.3.254'),('10.4.30.1','00:50:56:89:6d:05',1,3,30,'eth1.1430','10.4.30.254'),('10.4.31.1','00:50:56:89:6d:07',1,3,31,'eth1.1431','10.4.31.254'),('10.4.32.1','00:50:56:89:6d:09',1,3,32,'eth1.1432','10.4.32.254'),('10.4.33.1','00:50:56:89:6d:0b',1,3,33,'eth1.1433','10.4.33.254'),('10.4.34.1','00:50:56:89:6d:0d',1,3,34,'eth1.1434','10.4.34.254'),('10.4.35.1','00:50:56:89:6d:0f',1,3,35,'eth1.1435','10.4.35.254'),('10.4.36.1','00:50:56:89:6d:11',1,3,36,'eth1.1436','10.4.36.254'),('10.4.37.1','00:50:56:89:6d:13',1,3,37,'eth1.1437','10.4.37.254'),('10.4.38.1','00:50:56:89:6d:15',1,3,38,'eth1.1438','10.4.38.254'),('10.4.39.1','00:50:56:89:6d:17',1,3,39,'eth1.1439','10.4.39.254'),('10.4.4.1','00:50:56:89:6c:d1',1,3,4,'eth1.1404','10.4.4.254'),('10.4.40.1','00:50:56:89:6d:19',1,3,40,'eth1.1440','10.4.40.254'),('10.4.41.1','00:50:56:89:6d:1b',1,3,41,'eth2.1441','10.4.41.254'),('10.4.42.1','00:50:56:89:6d:1d',1,3,42,'eth2.1442','10.4.42.254'),('10.4.43.1','00:50:56:89:6d:1f',1,3,43,'eth2.1443','10.4.43.254'),('10.4.44.1','00:50:56:89:6d:21',1,3,44,'eth2.1444','10.4.44.254'),('10.4.45.1','00:50:56:89:6d:23',1,3,45,'eth2.1445','10.4.45.254'),('10.4.46.1','00:50:56:89:6d:25',1,3,46,'eth2.1446','10.4.46.254'),('10.4.47.1','00:50:56:89:6d:27',1,3,47,'eth2.1447','10.4.47.254'),('10.4.48.1','00:50:56:89:6d:29',1,3,48,'eth2.1448','10.4.48.254'),('10.4.49.1','00:50:56:89:6d:2b',1,3,49,'eth2.1449','10.4.49.254'),('10.4.5.1','00:50:56:89:6c:d3',1,3,5,'eth1.1405','10.4.5.254'),('10.4.50.1','00:50:56:89:6d:2d',1,3,50,'eth2.1450','10.4.50.254'),('10.4.51.1','00:50:56:89:6d:2f',1,3,51,'eth2.1451','10.4.51.254'),('10.4.52.1','00:50:56:89:6d:31',1,3,52,'eth2.1452','10.4.52.254'),('10.4.53.1','00:50:56:89:6d:33',1,3,53,'eth2.1453','10.4.53.254'),('10.4.54.1','00:50:56:89:6d:35',1,3,54,'eth2.1454','10.4.54.254'),('10.4.55.1','00:50:56:89:6d:37',1,3,55,'eth2.1455','10.4.55.254'),('10.4.56.1','00:50:56:89:6d:39',1,3,56,'eth2.1456','10.4.56.254'),('10.4.57.1','00:50:56:89:6d:3b',1,3,57,'eth2.1457','10.4.57.254'),('10.4.58.1','00:50:56:89:6d:3d',1,3,58,'eth2.1458','10.4.58.254'),('10.4.59.1','00:50:56:89:6d:3f',1,3,59,'eth2.1459','10.4.59.254'),('10.4.6.1','00:50:56:89:6c:d5',1,3,6,'eth1.1406','10.4.6.254'),('10.4.60.1','00:50:56:89:6d:41',1,3,60,'eth2.1460','10.4.60.254'),('10.4.61.1','00:50:56:89:6d:43',1,3,61,'eth2.1461','10.4.61.254'),('10.4.62.1','00:50:56:89:6d:45',1,3,62,'eth2.1462','10.4.62.254'),('10.4.63.1','00:50:56:89:6d:47',1,3,63,'eth2.1463','10.4.63.254'),('10.4.64.1','00:50:56:89:6d:49',1,3,64,'eth2.1464','10.4.64.254'),('10.4.65.1','00:50:56:89:6d:4b',1,3,65,'eth2.1465','10.4.65.254'),('10.4.66.1','00:50:56:89:6d:4d',1,3,66,'eth2.1466','10.4.66.254'),('10.4.67.1','00:50:56:89:6d:4f',1,3,67,'eth2.1467','10.4.67.254'),('10.4.68.1','00:50:56:89:6d:51',1,3,68,'eth2.1468','10.4.68.254'),('10.4.69.1','00:50:56:89:6d:53',1,3,69,'eth2.1469','10.4.69.254'),('10.4.7.1','00:50:56:89:6c:d7',1,3,7,'eth1.1407','10.4.7.254'),('10.4.70.1','00:50:56:89:6d:55',1,3,70,'eth2.1470','10.4.70.254'),('10.4.71.1','00:50:56:89:6d:57',1,3,71,'eth2.1471','10.4.71.254'),('10.4.72.1','00:50:56:89:6d:59',1,3,72,'eth2.1472','10.4.72.254'),('10.4.73.1','00:50:56:89:6d:5b',1,3,73,'eth2.1473','10.4.73.254'),('10.4.74.1','00:50:56:89:6d:5d',1,3,74,'eth2.1474','10.4.74.254'),('10.4.75.1','00:50:56:89:6d:5f',1,3,75,'eth2.1475','10.4.75.254'),('10.4.76.1','00:50:56:89:6d:61',1,3,76,'eth2.1476','10.4.76.254'),('10.4.77.1','00:50:56:89:6d:63',1,3,77,'eth2.1477','10.4.77.254'),('10.4.78.1','00:50:56:89:6d:65',1,3,78,'eth2.1478','10.4.78.254'),('10.4.79.1','00:50:56:89:6d:67',1,3,79,'eth2.1479','10.4.79.254'),('10.4.8.1','00:50:56:89:6c:d9',1,3,8,'eth1.1408','10.4.8.254'),('10.4.80.1','00:50:56:89:6d:69',1,3,80,'eth2.1480','10.4.80.254'),('10.4.81.1','00:50:56:89:6d:6b',1,3,81,'eth3.1481','10.4.81.254'),('10.4.82.1','00:50:56:89:6d:6d',1,3,82,'eth3.1482','10.4.82.254'),('10.4.83.1','00:50:56:89:6d:6f',1,3,83,'eth3.1483','10.4.83.254'),('10.4.84.1','00:50:56:89:6d:71',1,3,84,'eth3.1484','10.4.84.254'),('10.4.85.1','00:50:56:89:6d:73',1,3,85,'eth3.1485','10.4.85.254'),('10.4.86.1','00:50:56:89:6d:75',1,3,86,'eth3.1486','10.4.86.254'),('10.4.87.1','00:50:56:89:6d:77',1,3,87,'eth3.1487','10.4.87.254'),('10.4.88.1','00:50:56:89:6d:79',1,3,88,'eth3.1488','10.4.88.254'),('10.4.89.1','00:50:56:89:6d:7b',1,3,89,'eth3.1489','10.4.89.254'),('10.4.9.1','00:50:56:89:6c:db',1,3,9,'eth1.1409','10.4.9.254'),('10.4.90.1','00:50:56:89:6d:7d',1,3,90,'eth3.1490','10.4.90.254'),('10.4.91.1','00:50:56:89:6d:7f',1,3,91,'eth3.1491','10.4.91.254'),('10.4.92.1','00:50:56:89:6d:81',1,3,92,'eth3.1492','10.4.92.254'),('10.4.93.1','00:50:56:89:6d:83',1,3,93,'eth3.1493','10.4.93.254'),('10.4.94.1','00:50:56:89:6d:85',1,3,94,'eth3.1494','10.4.94.254'),('10.4.95.1','00:50:56:89:6d:87',1,3,95,'eth3.1495','10.4.95.254'),('10.4.96.1','00:50:56:89:6d:89',1,3,96,'eth3.1496','10.4.96.254'),('10.4.97.1','00:50:56:89:6d:8b',1,3,97,'eth3.1497','10.4.97.254'),('10.4.98.1','00:50:56:89:6d:8d',1,3,98,'eth3.1498','10.4.98.254'),('10.4.99.1','00:50:56:89:6d:8f',1,3,99,'eth3.1499','10.4.99.254'),('10.6.1.1','00:50:56:89:69:40',1,4,1,'eth1.1601','10.6.1.254'),('10.6.10.1','00:50:56:89:69:5a',1,4,10,'eth1.1610','10.6.10.254'),('10.6.100.1','00:50:56:89:6a:4d',1,4,100,'eth3.1700','10.6.100.254'),('10.6.101.1','00:50:56:89:6a:4f',1,4,101,'eth3.1701','10.6.101.254'),('10.6.102.1','00:50:56:89:6a:51',1,4,102,'eth3.1702','10.6.102.254'),('10.6.103.1','00:50:56:89:6a:53',1,4,103,'eth3.1703','10.6.103.254'),('10.6.104.1','00:50:56:89:6a:55',1,4,104,'eth3.1704','10.6.104.254'),('10.6.105.1','00:50:56:89:6a:57',1,4,105,'eth3.1705','10.6.105.254'),('10.6.106.1','00:50:56:89:6a:59',1,4,106,'eth3.1706','10.6.106.254'),('10.6.107.1','00:50:56:89:6a:5b',1,4,107,'eth3.1707','10.6.107.254'),('10.6.108.1','00:50:56:89:6a:5d',1,4,108,'eth3.1708','10.6.108.254'),('10.6.109.1','00:50:56:89:6a:5f',1,4,109,'eth3.1709','10.6.109.254'),('10.6.11.1','00:50:56:89:69:5c',1,4,11,'eth1.1611','10.6.11.254'),('10.6.110.1','00:50:56:89:6a:61',1,4,110,'eth3.1710','10.6.110.254'),('10.6.111.1','00:50:56:89:6a:63',1,4,111,'eth3.1711','10.6.111.254'),('10.6.112.1','00:50:56:89:6a:65',1,4,112,'eth3.1712','10.6.112.254'),('10.6.113.1','00:50:56:89:6a:67',1,4,113,'eth3.1713','10.6.113.254'),('10.6.114.1','00:50:56:89:6a:69',1,4,114,'eth3.1714','10.6.114.254'),('10.6.115.1','00:50:56:89:6a:6b',1,4,115,'eth3.1715','10.6.115.254'),('10.6.116.1','00:50:56:89:6a:6d',1,4,116,'eth3.1716','10.6.116.254'),('10.6.117.1','00:50:56:89:6a:6f',1,4,117,'eth3.1717','10.6.117.254'),('10.6.118.1','00:50:56:89:6a:71',1,4,118,'eth3.1718','10.6.118.254'),('10.6.119.1','00:50:56:89:6a:73',1,4,119,'eth3.1719','10.6.119.254'),('10.6.12.1','00:50:56:89:69:5e',1,4,12,'eth1.1612','10.6.12.254'),('10.6.120.1','00:50:56:89:6a:75',1,4,120,'eth3.1720','10.6.120.254'),('10.6.121.1','00:50:56:89:6a:77',1,4,121,'eth4.1721','10.6.121.254'),('10.6.122.1','00:50:56:89:6a:79',1,4,122,'eth4.1722','10.6.122.254'),('10.6.123.1','00:50:56:89:6a:7b',1,4,123,'eth4.1723','10.6.123.254'),('10.6.124.1','00:50:56:89:6a:7d',1,4,124,'eth4.1724','10.6.124.254'),('10.6.125.1','00:50:56:89:6a:7f',1,4,125,'eth4.1725','10.6.125.254'),('10.6.126.1','00:50:56:89:6a:81',1,4,126,'eth4.1726','10.6.126.254'),('10.6.127.1','00:50:56:89:6a:83',1,4,127,'eth4.1727','10.6.127.254'),('10.6.128.1','00:50:56:89:6a:85',1,4,128,'eth4.1728','10.6.128.254'),('10.6.129.1','00:50:56:89:6a:87',1,4,129,'eth4.1729','10.6.129.254'),('10.6.13.1','00:50:56:89:69:60',1,4,13,'eth1.1613','10.6.13.254'),('10.6.130.1','00:50:56:89:6a:89',1,4,130,'eth4.1730','10.6.130.254'),('10.6.131.1','00:50:56:89:6a:8b',1,4,131,'eth4.1731','10.6.131.254'),('10.6.132.1','00:50:56:89:6a:8d',1,4,132,'eth4.1732','10.6.132.254'),('10.6.133.1','00:50:56:89:6a:8f',1,4,133,'eth4.1733','10.6.133.254'),('10.6.134.1','00:50:56:89:6a:91',1,4,134,'eth4.1734','10.6.134.254'),('10.6.135.1','00:50:56:89:6a:93',1,4,135,'eth4.1735','10.6.135.254'),('10.6.136.1','00:50:56:89:6a:95',1,4,136,'eth4.1736','10.6.136.254'),('10.6.137.1','00:50:56:89:6a:97',1,4,137,'eth4.1737','10.6.137.254'),('10.6.138.1','00:50:56:89:6a:99',1,4,138,'eth4.1738','10.6.138.254'),('10.6.139.1','00:50:56:89:6a:9b',1,4,139,'eth4.1739','10.6.139.254'),('10.6.14.1','00:50:56:89:69:62',1,4,14,'eth1.1614','10.6.14.254'),('10.6.140.1','00:50:56:89:6a:9d',1,4,140,'eth4.1740','10.6.140.254'),('10.6.141.1','00:50:56:89:6a:9f',1,4,141,'eth4.1741','10.6.141.254'),('10.6.142.1','00:50:56:89:6a:a1',1,4,142,'eth4.1742','10.6.142.254'),('10.6.143.1','00:50:56:89:6a:a3',1,4,143,'eth4.1743','10.6.143.254'),('10.6.144.1','00:50:56:89:6a:a5',1,4,144,'eth4.1744','10.6.144.254'),('10.6.145.1','00:50:56:89:6a:a7',1,4,145,'eth4.1745','10.6.145.254'),('10.6.146.1','00:50:56:89:6a:a9',1,4,146,'eth4.1746','10.6.146.254'),('10.6.147.1','00:50:56:89:6a:ab',1,4,147,'eth4.1747','10.6.147.254'),('10.6.148.1','00:50:56:89:6a:ad',1,4,148,'eth4.1748','10.6.148.254'),('10.6.149.1','00:50:56:89:6a:af',1,4,149,'eth4.1749','10.6.149.254'),('10.6.15.1','00:50:56:89:69:64',1,4,15,'eth1.1615','10.6.15.254'),('10.6.150.1','00:50:56:89:6a:b1',1,4,150,'eth4.1750','10.6.150.254'),('10.6.151.1','00:50:56:89:6a:b3',1,4,151,'eth4.1751','10.6.151.254'),('10.6.152.1','00:50:56:89:6a:b5',1,4,152,'eth4.1752','10.6.152.254'),('10.6.153.1','00:50:56:89:6a:b7',1,4,153,'eth4.1753','10.6.153.254'),('10.6.154.1','00:50:56:89:6a:b9',1,4,154,'eth4.1754','10.6.154.254'),('10.6.155.1','00:50:56:89:6a:bb',1,4,155,'eth4.1755','10.6.155.254'),('10.6.156.1','00:50:56:89:6a:bd',1,4,156,'eth4.1756','10.6.156.254'),('10.6.157.1','00:50:56:89:6a:bf',1,4,157,'eth4.1757','10.6.157.254'),('10.6.158.1','00:50:56:89:6a:c1',1,4,158,'eth4.1758','10.6.158.254'),('10.6.159.1','00:50:56:89:6a:c3',1,4,159,'eth4.1759','10.6.159.254'),('10.6.16.1','00:50:56:89:69:66',1,4,16,'eth1.1616','10.6.16.254'),('10.6.160.1','00:50:56:89:6a:c5',1,4,160,'eth4.1760','10.6.160.254'),('10.6.161.1','00:50:56:89:6a:c7',1,4,161,'eth5.1761','10.6.161.254'),('10.6.162.1','00:50:56:89:6a:c9',1,4,162,'eth5.1762','10.6.162.254'),('10.6.163.1','00:50:56:89:6a:cb',1,4,163,'eth5.1763','10.6.163.254'),('10.6.164.1','00:50:56:89:6a:cd',1,4,164,'eth5.1764','10.6.164.254'),('10.6.165.1','00:50:56:89:6a:cf',1,4,165,'eth5.1765','10.6.165.254'),('10.6.166.1','00:50:56:89:6a:d1',1,4,166,'eth5.1766','10.6.166.254'),('10.6.167.1','00:50:56:89:6a:d3',1,4,167,'eth5.1767','10.6.167.254'),('10.6.168.1','00:50:56:89:6a:d5',1,4,168,'eth5.1768','10.6.168.254'),('10.6.169.1','00:50:56:89:6a:d7',1,4,169,'eth5.1769','10.6.169.254'),('10.6.17.1','00:50:56:89:69:68',1,4,17,'eth1.1617','10.6.17.254'),('10.6.170.1','00:50:56:89:6a:d9',1,4,170,'eth5.1770','10.6.170.254'),('10.6.171.1','00:50:56:89:6a:db',1,4,171,'eth5.1771','10.6.171.254'),('10.6.172.1','00:50:56:89:6a:dd',1,4,172,'eth5.1772','10.6.172.254'),('10.6.173.1','00:50:56:89:6a:df',1,4,173,'eth5.1773','10.6.173.254'),('10.6.174.1','00:50:56:89:6a:e1',1,4,174,'eth5.1774','10.6.174.254'),('10.6.175.1','00:50:56:89:6a:e3',1,4,175,'eth5.1775','10.6.175.254'),('10.6.176.1','00:50:56:89:6a:e5',1,4,176,'eth5.1776','10.6.176.254'),('10.6.177.1','00:50:56:89:6a:e7',1,4,177,'eth5.1777','10.6.177.254'),('10.6.178.1','00:50:56:89:6a:e9',1,4,178,'eth5.1778','10.6.178.254'),('10.6.179.1','00:50:56:89:6a:eb',1,4,179,'eth5.1779','10.6.179.254'),('10.6.18.1','00:50:56:89:69:6a',1,4,18,'eth1.1618','10.6.18.254'),('10.6.180.1','00:50:56:89:6a:ed',1,4,180,'eth5.1780','10.6.180.254'),('10.6.181.1','00:50:56:89:6a:ef',1,4,181,'eth5.1781','10.6.181.254'),('10.6.182.1','00:50:56:89:6a:f1',1,4,182,'eth5.1782','10.6.182.254'),('10.6.183.1','00:50:56:89:6a:f3',1,4,183,'eth5.1783','10.6.183.254'),('10.6.184.1','00:50:56:89:6a:f5',1,4,184,'eth5.1784','10.6.184.254'),('10.6.185.1','00:50:56:89:6a:f7',1,4,185,'eth5.1785','10.6.185.254'),('10.6.186.1','00:50:56:89:6a:f9',1,4,186,'eth5.1786','10.6.186.254'),('10.6.187.1','00:50:56:89:6a:fb',1,4,187,'eth5.1787','10.6.187.254'),('10.6.188.1','00:50:56:89:6a:fd',1,4,188,'eth5.1788','10.6.188.254'),('10.6.189.1','00:50:56:89:6a:ff',1,4,189,'eth5.1789','10.6.189.254'),('10.6.19.1','00:50:56:89:69:6c',1,4,19,'eth1.1619','10.6.19.254'),('10.6.190.1','00:50:56:89:6b:01',1,4,190,'eth5.1790','10.6.190.254'),('10.6.191.1','00:50:56:89:6b:03',1,4,191,'eth5.1791','10.6.191.254'),('10.6.192.1','00:50:56:89:6b:05',1,4,192,'eth5.1792','10.6.192.254'),('10.6.193.1','00:50:56:89:6b:07',1,4,193,'eth5.1793','10.6.193.254'),('10.6.194.1','00:50:56:89:6b:09',1,4,194,'eth5.1794','10.6.194.254'),('10.6.195.1','00:50:56:89:6b:0b',1,4,195,'eth5.1795','10.6.195.254'),('10.6.196.1','00:50:56:89:6b:0d',1,4,196,'eth5.1796','10.6.196.254'),('10.6.197.1','00:50:56:89:6b:0f',1,4,197,'eth5.1797','10.6.197.254'),('10.6.198.1','00:50:56:89:6b:11',1,4,198,'eth5.1798','10.6.198.254'),('10.6.199.1','00:50:56:89:6b:13',1,4,199,'eth5.1799','10.6.199.254'),('10.6.2.1','00:50:56:89:69:48',1,4,2,'eth1.1602','10.6.2.254'),('10.6.20.1','00:50:56:89:69:6e',1,4,20,'eth1.1620','10.6.20.254'),('10.6.200.1','00:50:56:89:6b:15',1,4,200,'eth5.1800','10.6.200.254'),('10.6.21.1','00:50:56:89:69:71',1,4,21,'eth1.1621','10.6.21.254'),('10.6.22.1','00:50:56:89:69:73',1,4,22,'eth1.1622','10.6.22.254'),('10.6.23.1','00:50:56:89:69:75',1,4,23,'eth1.1623','10.6.23.254'),('10.6.24.1','00:50:56:89:69:77',1,4,24,'eth1.1624','10.6.24.254'),('10.6.25.1','00:50:56:89:69:79',1,4,25,'eth1.1625','10.6.25.254'),('10.6.26.1','00:50:56:89:69:7b',1,4,26,'eth1.1626','10.6.26.254'),('10.6.27.1','00:50:56:89:69:7d',1,4,27,'eth1.1627','10.6.27.254'),('10.6.28.1','00:50:56:89:69:7f',1,4,28,'eth1.1628','10.6.28.254'),('10.6.29.1','00:50:56:89:69:81',1,4,29,'eth1.1629','10.6.29.254'),('10.6.3.1','00:50:56:89:69:4a',1,4,3,'eth1.1603','10.6.3.254'),('10.6.30.1','00:50:56:89:69:83',1,4,30,'eth1.1630','10.6.30.254'),('10.6.31.1','00:50:56:89:69:85',1,4,31,'eth1.1631','10.6.31.254'),('10.6.32.1','00:50:56:89:69:87',1,4,32,'eth1.1632','10.6.32.254'),('10.6.33.1','00:50:56:89:69:89',1,4,33,'eth1.1633','10.6.33.254'),('10.6.34.1','00:50:56:89:69:8b',1,4,34,'eth1.1634','10.6.34.254'),('10.6.35.1','00:50:56:89:69:8d',1,4,35,'eth1.1635','10.6.35.254'),('10.6.36.1','00:50:56:89:69:8f',1,4,36,'eth1.1636','10.6.36.254'),('10.6.37.1','00:50:56:89:69:91',1,4,37,'eth1.1637','10.6.37.254'),('10.6.38.1','00:50:56:89:69:93',1,4,38,'eth1.1638','10.6.38.254'),('10.6.39.1','00:50:56:89:69:95',1,4,39,'eth1.1639','10.6.39.254'),('10.6.4.1','00:50:56:89:69:4e',1,4,4,'eth1.1604','10.6.4.254'),('10.6.40.1','00:50:56:89:69:97',1,4,40,'eth1.1640','10.6.40.254'),('10.6.41.1','00:50:56:89:69:9a',1,4,41,'eth2.1641','10.6.41.254'),('10.6.42.1','00:50:56:89:69:9c',1,4,42,'eth2.1642','10.6.42.254'),('10.6.43.1','00:50:56:89:69:9e',1,4,43,'eth2.1643','10.6.43.254'),('10.6.44.1','00:50:56:89:69:a1',1,4,44,'eth2.1644','10.6.44.254'),('10.6.45.1','00:50:56:89:69:a3',1,4,45,'eth2.1645','10.6.45.254'),('10.6.46.1','00:50:56:89:69:a5',1,4,46,'eth2.1646','10.6.46.254'),('10.6.47.1','00:50:56:89:69:a7',1,4,47,'eth2.1647','10.6.47.254'),('10.6.48.1','00:50:56:89:69:a9',1,4,48,'eth2.1648','10.6.48.254'),('10.6.49.1','00:50:56:89:69:ad',1,4,49,'eth2.1649','10.6.49.254'),('10.6.5.1','00:50:56:89:69:50',1,4,5,'eth1.1605','10.6.5.254'),('10.6.50.1','00:50:56:89:69:e6',1,4,50,'eth2.1650','10.6.50.254'),('10.6.51.1','00:50:56:89:69:e8',1,4,51,'eth2.1651','10.6.51.254'),('10.6.52.1','00:50:56:89:69:ea',1,4,52,'eth2.1652','10.6.52.254'),('10.6.53.1','00:50:56:89:69:ec',1,4,53,'eth2.1653','10.6.53.254'),('10.6.54.1','00:50:56:89:69:ee',1,4,54,'eth2.1654','10.6.54.254'),('10.6.55.1','00:50:56:89:69:f0',1,4,55,'eth2.1655','10.6.55.254'),('10.6.56.1','00:50:56:89:69:f2',1,4,56,'eth2.1656','10.6.56.254'),('10.6.57.1','00:50:56:89:69:f4',1,4,57,'eth2.1657','10.6.57.254'),('10.6.58.1','00:50:56:89:69:f6',1,4,58,'eth2.1658','10.6.58.254'),('10.6.59.1','00:50:56:89:69:f8',1,4,59,'eth2.1659','10.6.59.254'),('10.6.6.1','00:50:56:89:69:52',1,4,6,'eth1.1606','10.6.6.254'),('10.6.60.1','00:50:56:89:69:fa',1,4,60,'eth2.1660','10.6.60.254'),('10.6.61.1','00:50:56:89:69:fc',1,4,61,'eth2.1661','10.6.61.254'),('10.6.62.1','00:50:56:89:6a:0a',1,4,62,'eth2.1662','10.6.62.254'),('10.6.63.1','00:50:56:89:69:fe',1,4,63,'eth2.1663','10.6.63.254'),('10.6.64.1','00:50:56:89:6a:00',1,4,64,'eth2.1664','10.6.64.254'),('10.6.65.1','00:50:56:89:6a:02',1,4,65,'eth2.1665','10.6.65.254'),('10.6.66.1','00:50:56:89:6a:04',1,4,66,'eth2.1666','10.6.66.254'),('10.6.67.1','00:50:56:89:6a:0c',1,4,67,'eth2.1667','10.6.67.254'),('10.6.68.1','00:50:56:89:6a:08',1,4,68,'eth2.1668','10.6.68.254'),('10.6.69.1','00:50:56:89:6a:06',1,4,69,'eth2.1669','10.6.69.254'),('10.6.7.1','00:50:56:89:69:54',1,4,7,'eth1.1607','10.6.7.254'),('10.6.70.1','00:50:56:89:6a:0e',1,4,70,'eth2.1670','10.6.70.254'),('10.6.71.1','00:50:56:89:6a:10',1,4,71,'eth2.1671','10.6.71.254'),('10.6.72.1','00:50:56:89:6a:12',1,4,72,'eth2.1672','10.6.72.254'),('10.6.73.1','00:50:56:89:6a:14',1,4,73,'eth2.1673','10.6.73.254'),('10.6.74.1','00:50:56:89:6a:16',1,4,74,'eth2.1674','10.6.74.254'),('10.6.75.1','00:50:56:89:6a:18',1,4,75,'eth2.1675','10.6.75.254'),('10.6.76.1','00:50:56:89:6a:1a',1,4,76,'eth2.1676','10.6.76.254'),('10.6.77.1','00:50:56:89:6a:1c',1,4,77,'eth2.1677','10.6.77.254'),('10.6.78.1','00:50:56:89:6a:1e',1,4,78,'eth2.1678','10.6.78.254'),('10.6.79.1','00:50:56:89:6a:20',1,4,79,'eth2.1679','10.6.79.254'),('10.6.8.1','00:50:56:89:69:56',1,4,8,'eth1.1608','10.6.8.254'),('10.6.80.1','00:50:56:89:6a:22',1,4,80,'eth2.1680','10.6.80.254'),('10.6.81.1','00:50:56:89:6a:25',1,4,81,'eth3.1681','10.6.81.254'),('10.6.82.1','00:50:56:89:6a:27',1,4,82,'eth3.1682','10.6.82.254'),('10.6.83.1','00:50:56:89:6a:2b',1,4,83,'eth3.1683','10.6.83.254'),('10.6.84.1','00:50:56:89:6a:2d',1,4,84,'eth3.1684','10.6.84.254'),('10.6.85.1','00:50:56:89:6a:2f',1,4,85,'eth3.1685','10.6.85.254'),('10.6.86.1','00:50:56:89:6a:31',1,4,86,'eth3.1686','10.6.86.254'),('10.6.87.1','00:50:56:89:6a:33',1,4,87,'eth3.1687','10.6.87.254'),('10.6.88.1','00:50:56:89:6a:35',1,4,88,'eth3.1688','10.6.88.254'),('10.6.89.1','00:50:56:89:6a:37',1,4,89,'eth3.1689','10.6.89.254'),('10.6.9.1','00:50:56:89:69:58',1,4,9,'eth1.1609','10.6.9.254'),('10.6.90.1','00:50:56:89:6a:39',1,4,90,'eth3.1690','10.6.90.254'),('10.6.91.1','00:50:56:89:6a:3b',1,4,91,'eth3.1691','10.6.91.254'),('10.6.92.1','00:50:56:89:6a:3d',1,4,92,'eth3.1692','10.6.92.254'),('10.6.93.1','00:50:56:89:6a:3f',1,4,93,'eth3.1693','10.6.93.254'),('10.6.94.1','00:50:56:89:6a:41',1,4,94,'eth3.1694','10.6.94.254'),('10.6.95.1','00:50:56:89:6a:43',1,4,95,'eth3.1695','10.6.95.254'),('10.6.96.1','00:50:56:89:6a:45',1,4,96,'eth3.1696','10.6.96.254'),('10.6.97.1','00:50:56:89:6a:47',1,4,97,'eth3.1697','10.6.97.254'),('10.6.98.1','00:50:56:89:6a:49',1,4,98,'eth3.1698','10.6.98.254'),('10.6.99.1','00:50:56:89:6a:4b',1,4,99,'eth3.1699','10.6.99.254'),('10.8.1.1','00:50:56:89:6b:22',1,5,1,'eth1.1801','10.8.1.254'),('10.8.10.1','00:50:56:89:6b:2c',1,5,10,'eth1.1810','10.8.10.254'),('10.8.100.1','00:50:56:89:6b:86',1,5,100,'eth3.1900','10.8.100.254'),('10.8.101.1','00:50:56:89:6b:87',1,5,101,'eth3.1901','10.8.101.254'),('10.8.102.1','00:50:56:89:6b:88',1,5,102,'eth3.1902','10.8.102.254'),('10.8.103.1','00:50:56:89:6b:89',1,5,103,'eth3.1903','10.8.103.254'),('10.8.104.1','00:50:56:89:6b:8a',1,5,104,'eth3.1904','10.8.104.254'),('10.8.105.1','00:50:56:89:6b:8b',1,5,105,'eth3.1905','10.8.105.254'),('10.8.106.1','00:50:56:89:6b:8c',1,5,106,'eth3.1906','10.8.106.254'),('10.8.107.1','00:50:56:89:6b:8d',1,5,107,'eth3.1907','10.8.107.254'),('10.8.108.1','00:50:56:89:6b:8e',1,5,108,'eth3.1908','10.8.108.254'),('10.8.109.1','00:50:56:89:6b:8f',1,5,109,'eth3.1909','10.8.109.254'),('10.8.11.1','00:50:56:89:6b:2d',1,5,11,'eth1.1811','10.8.11.254'),('10.8.110.1','00:50:56:89:6b:90',1,5,110,'eth3.1910','10.8.110.254'),('10.8.111.1','00:50:56:89:6b:91',1,5,111,'eth3.1911','10.8.111.254'),('10.8.112.1','00:50:56:89:6b:92',1,5,112,'eth3.1912','10.8.112.254'),('10.8.113.1','00:50:56:89:6b:93',1,5,113,'eth3.1913','10.8.113.254'),('10.8.114.1','00:50:56:89:6b:94',1,5,114,'eth3.1914','10.8.114.254'),('10.8.115.1','00:50:56:89:6b:95',1,5,115,'eth3.1915','10.8.115.254'),('10.8.116.1','00:50:56:89:6b:96',1,5,116,'eth3.1916','10.8.116.254'),('10.8.117.1','00:50:56:89:6b:97',1,5,117,'eth3.1917','10.8.117.254'),('10.8.118.1','00:50:56:89:6b:98',1,5,118,'eth3.1918','10.8.118.254'),('10.8.119.1','00:50:56:89:6b:99',1,5,119,'eth3.1919','10.8.119.254'),('10.8.12.1','00:50:56:89:6b:2e',1,5,12,'eth1.1812','10.8.12.254'),('10.8.120.1','00:50:56:89:6b:9a',1,5,120,'eth3.1920','10.8.120.254'),('10.8.121.1','00:50:56:89:6b:9b',1,5,121,'eth4.1921','10.8.121.254'),('10.8.122.1','00:50:56:89:6b:9c',1,5,122,'eth4.1922','10.8.122.254'),('10.8.123.1','00:50:56:89:6b:9d',1,5,123,'eth4.1923','10.8.123.254'),('10.8.124.1','00:50:56:89:6b:9e',1,5,124,'eth4.1924','10.8.124.254'),('10.8.125.1','00:50:56:89:6b:9f',1,5,125,'eth4.1925','10.8.125.254'),('10.8.126.1','00:50:56:89:6b:a0',1,5,126,'eth4.1926','10.8.126.254'),('10.8.127.1','00:50:56:89:6b:a1',1,5,127,'eth4.1927','10.8.127.254'),('10.8.128.1','00:50:56:89:6b:a2',1,5,128,'eth4.1928','10.8.128.254'),('10.8.129.1','00:50:56:89:6b:a3',1,5,129,'eth4.1929','10.8.129.254'),('10.8.13.1','00:50:56:89:6b:2f',1,5,13,'eth1.1813','10.8.13.254'),('10.8.130.1','00:50:56:89:6b:a4',1,5,130,'eth4.1930','10.8.130.254'),('10.8.131.1','00:50:56:89:6b:a5',1,5,131,'eth4.1931','10.8.131.254'),('10.8.132.1','00:50:56:89:6b:a6',1,5,132,'eth4.1932','10.8.132.254'),('10.8.133.1','00:50:56:89:6b:a7',1,5,133,'eth4.1933','10.8.133.254'),('10.8.134.1','00:50:56:89:6b:a8',1,5,134,'eth4.1934','10.8.134.254'),('10.8.135.1','00:50:56:89:6b:a9',1,5,135,'eth4.1935','10.8.135.254'),('10.8.136.1','00:50:56:89:6b:aa',1,5,136,'eth4.1936','10.8.136.254'),('10.8.137.1','00:50:56:89:6b:ab',1,5,137,'eth4.1937','10.8.137.254'),('10.8.138.1','00:50:56:89:6b:ac',1,5,138,'eth4.1938','10.8.138.254'),('10.8.139.1','00:50:56:89:6b:ad',1,5,139,'eth4.1939','10.8.139.254'),('10.8.14.1','00:50:56:89:6b:30',1,5,14,'eth1.1814','10.8.14.254'),('10.8.140.1','00:50:56:89:6b:ae',1,5,140,'eth4.1940','10.8.140.254'),('10.8.141.1','00:50:56:89:6b:af',1,5,141,'eth4.1941','10.8.141.254'),('10.8.142.1','00:50:56:89:6b:b0',1,5,142,'eth4.1942','10.8.142.254'),('10.8.143.1','00:50:56:89:6b:b1',1,5,143,'eth4.1943','10.8.143.254'),('10.8.144.1','00:50:56:89:6b:b2',1,5,144,'eth4.1944','10.8.144.254'),('10.8.145.1','00:50:56:89:6b:b3',1,5,145,'eth4.1945','10.8.145.254'),('10.8.146.1','00:50:56:89:6b:b4',1,5,146,'eth4.1946','10.8.146.254'),('10.8.147.1','00:50:56:89:6b:b5',1,5,147,'eth4.1947','10.8.147.254'),('10.8.148.1','00:50:56:89:6b:b6',1,5,148,'eth4.1948','10.8.148.254'),('10.8.149.1','00:50:56:89:6b:b7',1,5,149,'eth4.1949','10.8.149.254'),('10.8.15.1','00:50:56:89:6b:31',1,5,15,'eth1.1815','10.8.15.254'),('10.8.150.1','00:50:56:89:6b:b8',1,5,150,'eth4.1950','10.8.150.254'),('10.8.151.1','00:50:56:89:6b:b9',1,5,151,'eth4.1951','10.8.151.254'),('10.8.152.1','00:50:56:89:6b:ba',1,5,152,'eth4.1952','10.8.152.254'),('10.8.153.1','00:50:56:89:6b:bb',1,5,153,'eth4.1953','10.8.153.254'),('10.8.154.1','00:50:56:89:6b:bc',1,5,154,'eth4.1954','10.8.154.254'),('10.8.155.1','00:50:56:89:6b:bd',1,5,155,'eth4.1955','10.8.155.254'),('10.8.156.1','00:50:56:89:6b:be',1,5,156,'eth4.1956','10.8.156.254'),('10.8.157.1','00:50:56:89:6b:bf',1,5,157,'eth4.1957','10.8.157.254'),('10.8.158.1','00:50:56:89:6b:c0',1,5,158,'eth4.1958','10.8.158.254'),('10.8.159.1','00:50:56:89:6b:c1',1,5,159,'eth4.1959','10.8.159.254'),('10.8.16.1','00:50:56:89:6b:32',1,5,16,'eth1.1816','10.8.16.254'),('10.8.160.1','00:50:56:89:6b:c2',1,5,160,'eth4.1960','10.8.160.254'),('10.8.161.1','00:50:56:89:6b:c3',1,5,161,'eth5.1961','10.8.161.254'),('10.8.162.1','00:50:56:89:6b:c4',1,5,162,'eth5.1962','10.8.162.254'),('10.8.163.1','00:50:56:89:6b:c5',1,5,163,'eth5.1963','10.8.163.254'),('10.8.164.1','00:50:56:89:6b:c6',1,5,164,'eth5.1964','10.8.164.254'),('10.8.165.1','00:50:56:89:6b:c7',1,5,165,'eth5.1965','10.8.165.254'),('10.8.166.1','00:50:56:89:6b:c8',1,5,166,'eth5.1966','10.8.166.254'),('10.8.167.1','00:50:56:89:6b:c9',1,5,167,'eth5.1967','10.8.167.254'),('10.8.168.1','00:50:56:89:6b:ca',1,5,168,'eth5.1968','10.8.168.254'),('10.8.169.1','00:50:56:89:6b:cb',1,5,169,'eth5.1969','10.8.169.254'),('10.8.17.1','00:50:56:89:6b:33',1,5,17,'eth1.1817','10.8.17.254'),('10.8.170.1','00:50:56:89:6b:cc',1,5,170,'eth5.1970','10.8.170.254'),('10.8.171.1','00:50:56:89:6b:cd',1,5,171,'eth5.1971','10.8.171.254'),('10.8.172.1','00:50:56:89:6b:ce',1,5,172,'eth5.1972','10.8.172.254'),('10.8.173.1','00:50:56:89:6b:cf',1,5,173,'eth5.1973','10.8.173.254'),('10.8.174.1','00:50:56:89:6b:d0',1,5,174,'eth5.1974','10.8.174.254'),('10.8.175.1','00:50:56:89:6b:d1',1,5,175,'eth5.1975','10.8.175.254'),('10.8.176.1','00:50:56:89:6b:d2',1,5,176,'eth5.1976','10.8.176.254'),('10.8.177.1','00:50:56:89:6b:d3',1,5,177,'eth5.1977','10.8.177.254'),('10.8.178.1','00:50:56:89:6b:d4',1,5,178,'eth5.1978','10.8.178.254'),('10.8.179.1','00:50:56:89:6b:d5',1,5,179,'eth5.1979','10.8.179.254'),('10.8.18.1','00:50:56:89:6b:34',1,5,18,'eth1.1818','10.8.18.254'),('10.8.180.1','00:50:56:89:6b:d6',1,5,180,'eth5.1980','10.8.180.254'),('10.8.181.1','00:50:56:89:6b:d7',1,5,181,'eth5.1981','10.8.181.254'),('10.8.182.1','00:50:56:89:6b:d8',1,5,182,'eth5.1982','10.8.182.254'),('10.8.183.1','00:50:56:89:6b:d9',1,5,183,'eth5.1983','10.8.183.254'),('10.8.184.1','00:50:56:89:6b:da',1,5,184,'eth5.1984','10.8.184.254'),('10.8.185.1','00:50:56:89:6b:db',1,5,185,'eth5.1985','10.8.185.254'),('10.8.186.1','00:50:56:89:6b:dc',1,5,186,'eth5.1986','10.8.186.254'),('10.8.187.1','00:50:56:89:6b:dd',1,5,187,'eth5.1987','10.8.187.254'),('10.8.188.1','00:50:56:89:6b:de',1,5,188,'eth5.1988','10.8.188.254'),('10.8.189.1','00:50:56:89:6b:df',1,5,189,'eth5.1989','10.8.189.254'),('10.8.19.1','00:50:56:89:6b:35',1,5,19,'eth1.1819','10.8.19.254'),('10.8.190.1','00:50:56:89:6b:e0',1,5,190,'eth5.1990','10.8.190.254'),('10.8.191.1','00:50:56:89:6b:e1',1,5,191,'eth5.1991','10.8.191.254'),('10.8.192.1','00:50:56:89:6b:e2',1,5,192,'eth5.1992','10.8.192.254'),('10.8.193.1','00:50:56:89:6b:e3',1,5,193,'eth5.1993','10.8.193.254'),('10.8.194.1','00:50:56:89:6b:e4',1,5,194,'eth5.1994','10.8.194.254'),('10.8.195.1','00:50:56:89:6b:e5',1,5,195,'eth5.1995','10.8.195.254'),('10.8.196.1','00:50:56:89:6b:e6',1,5,196,'eth5.1996','10.8.196.254'),('10.8.197.1','00:50:56:89:6b:e7',1,5,197,'eth5.1997','10.8.197.254'),('10.8.198.1','00:50:56:89:6b:e8',1,5,198,'eth5.1998','10.8.198.254'),('10.8.199.1','00:50:56:89:6b:e9',1,5,199,'eth5.1999','10.8.199.254'),('10.8.2.1','00:50:56:89:6b:24',1,5,2,'eth1.1802','10.8.2.254'),('10.8.20.1','00:50:56:89:6b:36',1,5,20,'eth1.1820','10.8.20.254'),('10.8.200.1','00:50:56:89:6b:ea',1,5,200,'eth5.2000','10.8.200.254'),('10.8.21.1','00:50:56:89:6b:37',1,5,21,'eth1.1821','10.8.21.254'),('10.8.22.1','00:50:56:89:6b:38',1,5,22,'eth1.1822','10.8.22.254'),('10.8.23.1','00:50:56:89:6b:39',1,5,23,'eth1.1823','10.8.23.254'),('10.8.24.1','00:50:56:89:6b:3a',1,5,24,'eth1.1824','10.8.24.254'),('10.8.25.1','00:50:56:89:6b:3b',1,5,25,'eth1.1825','10.8.25.254'),('10.8.26.1','00:50:56:89:6b:3c',1,5,26,'eth1.1826','10.8.26.254'),('10.8.27.1','00:50:56:89:6b:3d',1,5,27,'eth1.1827','10.8.27.254'),('10.8.28.1','00:50:56:89:6b:3e',1,5,28,'eth1.1828','10.8.28.254'),('10.8.29.1','00:50:56:89:6b:3f',1,5,29,'eth1.1829','10.8.29.254'),('10.8.3.1','00:50:56:89:6b:25',1,5,3,'eth1.1803','10.8.3.254'),('10.8.30.1','00:50:56:89:6b:40',1,5,30,'eth1.1830','10.8.30.254'),('10.8.31.1','00:50:56:89:6b:41',1,5,31,'eth1.1831','10.8.31.254'),('10.8.32.1','00:50:56:89:6b:42',1,5,32,'eth1.1832','10.8.32.254'),('10.8.33.1','00:50:56:89:6b:43',1,5,33,'eth1.1833','10.8.33.254'),('10.8.34.1','00:50:56:89:6b:44',1,5,34,'eth1.1834','10.8.34.254'),('10.8.35.1','00:50:56:89:6b:45',1,5,35,'eth1.1835','10.8.35.254'),('10.8.36.1','00:50:56:89:6b:46',1,5,36,'eth1.1836','10.8.36.254'),('10.8.37.1','00:50:56:89:6b:47',1,5,37,'eth1.1837','10.8.37.254'),('10.8.38.1','00:50:56:89:6b:48',1,5,38,'eth1.1838','10.8.38.254'),('10.8.39.1','00:50:56:89:6b:49',1,5,39,'eth1.1839','10.8.39.254'),('10.8.4.1','00:50:56:89:6b:26',1,5,4,'eth1.1804','10.8.4.254'),('10.8.40.1','00:50:56:89:6b:4a',1,5,40,'eth1.1840','10.8.40.254'),('10.8.41.1','00:50:56:89:6b:4b',1,5,41,'eth2.1841','10.8.41.254'),('10.8.42.1','00:50:56:89:6b:4c',1,5,42,'eth2.1842','10.8.42.254'),('10.8.43.1','00:50:56:89:6b:4d',1,5,43,'eth2.1843','10.8.43.254'),('10.8.44.1','00:50:56:89:6b:4e',1,5,44,'eth2.1844','10.8.44.254'),('10.8.45.1','00:50:56:89:6b:4f',1,5,45,'eth2.1845','10.8.45.254'),('10.8.46.1','00:50:56:89:6b:50',1,5,46,'eth2.1846','10.8.46.254'),('10.8.47.1','00:50:56:89:6b:51',1,5,47,'eth2.1847','10.8.47.254'),('10.8.48.1','00:50:56:89:6b:52',1,5,48,'eth2.1848','10.8.48.254'),('10.8.49.1','00:50:56:89:6b:53',1,5,49,'eth2.1849','10.8.49.254'),('10.8.5.1','00:50:56:89:6b:27',1,5,5,'eth1.1805','10.8.5.254'),('10.8.50.1','00:50:56:89:6b:54',1,5,50,'eth2.1850','10.8.50.254'),('10.8.51.1','00:50:56:89:6b:55',1,5,51,'eth2.1851','10.8.51.254'),('10.8.52.1','00:50:56:89:6b:56',1,5,52,'eth2.1852','10.8.52.254'),('10.8.53.1','00:50:56:89:6b:57',1,5,53,'eth2.1853','10.8.53.254'),('10.8.54.1','00:50:56:89:6b:58',1,5,54,'eth2.1854','10.8.54.254'),('10.8.55.1','00:50:56:89:6b:59',1,5,55,'eth2.1855','10.8.55.254'),('10.8.56.1','00:50:56:89:6b:5a',1,5,56,'eth2.1856','10.8.56.254'),('10.8.57.1','00:50:56:89:6b:5b',1,5,57,'eth2.1857','10.8.57.254'),('10.8.58.1','00:50:56:89:6b:5c',1,5,58,'eth2.1858','10.8.58.254'),('10.8.59.1','00:50:56:89:6b:5d',1,5,59,'eth2.1859','10.8.59.254'),('10.8.6.1','00:50:56:89:6b:28',1,5,6,'eth1.1806','10.8.6.254'),('10.8.60.1','00:50:56:89:6b:5e',1,5,60,'eth2.1860','10.8.60.254'),('10.8.61.1','00:50:56:89:6b:5f',1,5,61,'eth2.1861','10.8.61.254'),('10.8.62.1','00:50:56:89:6b:60',1,5,62,'eth2.1862','10.8.62.254'),('10.8.63.1','00:50:56:89:6b:61',1,5,63,'eth2.1863','10.8.63.254'),('10.8.64.1','00:50:56:89:6b:62',1,5,64,'eth2.1864','10.8.64.254'),('10.8.65.1','00:50:56:89:6b:63',1,5,65,'eth2.1865','10.8.65.254'),('10.8.66.1','00:50:56:89:6b:64',1,5,66,'eth2.1866','10.8.66.254'),('10.8.67.1','00:50:56:89:6b:65',1,5,67,'eth2.1867','10.8.67.254'),('10.8.68.1','00:50:56:89:6b:66',1,5,68,'eth2.1868','10.8.68.254'),('10.8.69.1','00:50:56:89:6b:67',1,5,69,'eth2.1869','10.8.69.254'),('10.8.7.1','00:50:56:89:6b:29',1,5,7,'eth1.1807','10.8.7.254'),('10.8.70.1','00:50:56:89:6b:68',1,5,70,'eth2.1870','10.8.70.254'),('10.8.71.1','00:50:56:89:6b:69',1,5,71,'eth2.1871','10.8.71.254'),('10.8.72.1','00:50:56:89:6b:6a',1,5,72,'eth2.1872','10.8.72.254'),('10.8.73.1','00:50:56:89:6b:6b',1,5,73,'eth2.1873','10.8.73.254'),('10.8.74.1','00:50:56:89:6b:6c',1,5,74,'eth2.1874','10.8.74.254'),('10.8.75.1','00:50:56:89:6b:6d',1,5,75,'eth2.1875','10.8.75.254'),('10.8.76.1','00:50:56:89:6b:6e',1,5,76,'eth2.1876','10.8.76.254'),('10.8.77.1','00:50:56:89:6b:6f',1,5,77,'eth2.1877','10.8.77.254'),('10.8.78.1','00:50:56:89:6b:70',1,5,78,'eth2.1878','10.8.78.254'),('10.8.79.1','00:50:56:89:6b:71',1,5,79,'eth2.1879','10.8.79.254'),('10.8.8.1','00:50:56:89:6b:2a',1,5,8,'eth1.1808','10.8.8.254'),('10.8.80.1','00:50:56:89:6b:72',1,5,80,'eth2.1880','10.8.80.254'),('10.8.81.1','00:50:56:89:6b:73',1,5,81,'eth3.1881','10.8.81.254'),('10.8.82.1','00:50:56:89:6b:74',1,5,82,'eth3.1882','10.8.82.254'),('10.8.83.1','00:50:56:89:6b:75',1,5,83,'eth3.1883','10.8.83.254'),('10.8.84.1','00:50:56:89:6b:76',1,5,84,'eth3.1884','10.8.84.254'),('10.8.85.1','00:50:56:89:6b:77',1,5,85,'eth3.1885','10.8.85.254'),('10.8.86.1','00:50:56:89:6b:78',1,5,86,'eth3.1886','10.8.86.254'),('10.8.87.1','00:50:56:89:6b:79',1,5,87,'eth3.1887','10.8.87.254'),('10.8.88.1','00:50:56:89:6b:7a',1,5,88,'eth3.1888','10.8.88.254'),('10.8.89.1','00:50:56:89:6b:7b',1,5,89,'eth3.1889','10.8.89.254'),('10.8.9.1','00:50:56:89:6b:2b',1,5,9,'eth1.1809','10.8.9.254'),('10.8.90.1','00:50:56:89:6b:7c',1,5,90,'eth3.1890','10.8.90.254'),('10.8.91.1','00:50:56:89:6b:7d',1,5,91,'eth3.1891','10.8.91.254'),('10.8.92.1','00:50:56:89:6b:7e',1,5,92,'eth3.1892','10.8.92.254'),('10.8.93.1','00:50:56:89:6b:7f',1,5,93,'eth3.1893','10.8.93.254'),('10.8.94.1','00:50:56:89:6b:80',1,5,94,'eth3.1894','10.8.94.254'),('10.8.95.1','00:50:56:89:6b:81',1,5,95,'eth3.1895','10.8.95.254'),('10.8.96.1','00:50:56:89:6b:82',1,5,96,'eth3.1896','10.8.96.254'),('10.8.97.1','00:50:56:89:6b:83',1,5,97,'eth3.1897','10.8.97.254'),('10.8.98.1','00:50:56:89:6b:84',1,5,98,'eth3.1898','10.8.98.254'),('10.8.99.1','00:50:56:89:6b:85',1,5,99,'eth3.1899','10.8.99.254');
/*!40000 ALTER TABLE `nodelocation` ENABLE KEYS */;
UNLOCK TABLES;

--
-- Table structure for table `route`
--

DROP TABLE IF EXISTS `route`;
/*!40101 SET @saved_cs_client     = @@character_set_client */;
/*!40101 SET character_set_client = utf8 */;
CREATE TABLE `route` (
  `table_id` int(11) NOT NULL AUTO_INCREMENT,
  `src_switch_id` int(11) NOT NULL,
  `src_switch_port` int(11) NOT NULL,
  `dst_switch_id` int(11) NOT NULL,
  `dst_switch_port` int(11) NOT NULL,
  `bandwidth` int(11) NOT NULL,
  `get_data_time` datetime NOT NULL,
  PRIMARY KEY (`table_id`),
  KEY `get_data_time` (`get_data_time`)
) ENGINE=InnoDB AUTO_INCREMENT=161 DEFAULT CHARSET=utf8;
/*!40101 SET character_set_client = @saved_cs_client */;

--
-- Dumping data for table `route`
--

LOCK TABLES `route` WRITE;
/*!40000 ALTER TABLE `route` DISABLE KEYS */;
INSERT INTO `route` VALUES (1,2,204,5,202,192,'2014-11-19 10:40:38'),(2,5,203,3,204,144,'2014-11-19 10:40:38'),(3,1,202,3,201,192,'2014-11-19 10:40:38'),(4,1,203,4,201,192,'2014-11-19 10:40:38'),(5,3,204,5,203,192,'2014-11-19 10:40:38'),(6,4,203,3,203,192,'2014-11-19 10:40:38'),(7,5,202,2,204,144,'2014-11-19 10:40:38'),(8,1,204,5,201,192,'2014-11-19 10:40:38'),(9,4,204,5,204,192,'2014-11-19 10:40:38'),(10,2,202,3,202,192,'2014-11-19 10:40:38'),(11,3,201,1,202,192,'2014-11-19 10:40:38'),(12,5,201,1,204,144,'2014-11-19 10:40:38'),(13,4,202,2,203,192,'2014-11-19 10:40:38'),(14,3,202,2,202,192,'2014-11-19 10:40:38'),(15,5,204,4,204,144,'2014-11-19 10:40:38'),(16,1,201,2,201,192,'2014-11-19 10:40:38'),(17,4,201,1,203,192,'2014-11-19 10:40:38'),(18,2,201,1,201,192,'2014-11-19 10:40:38'),(19,3,203,4,203,192,'2014-11-19 10:40:38'),(20,2,203,4,202,192,'2014-11-19 10:40:38'),(21,2,204,5,202,144,'2014-11-19 10:41:38'),(22,5,203,3,204,190,'2014-11-19 10:41:38'),(23,1,202,3,201,142,'2014-11-19 10:41:38'),(24,1,203,4,201,144,'2014-11-19 10:41:38'),(25,3,204,5,203,144,'2014-11-19 10:41:38'),(26,4,203,3,203,190,'2014-11-19 10:41:38'),(27,5,202,2,204,192,'2014-11-19 10:41:38'),(28,1,204,5,201,144,'2014-11-19 10:41:38'),(29,4,204,5,204,192,'2014-11-19 10:41:38'),(30,2,202,3,202,142,'2014-11-19 10:41:38'),(31,3,201,1,202,192,'2014-11-19 10:41:38'),(32,5,201,1,204,192,'2014-11-19 10:41:38'),(33,4,202,2,203,192,'2014-11-19 10:41:38'),(34,3,202,2,202,192,'2014-11-19 10:41:38'),(35,5,204,4,204,192,'2014-11-19 10:41:38'),(36,1,201,2,201,144,'2014-11-19 10:41:38'),(37,4,201,1,203,192,'2014-11-19 10:41:38'),(38,2,201,1,201,144,'2014-11-19 10:41:38'),(39,3,203,4,203,144,'2014-11-19 10:41:38'),(40,2,203,4,202,144,'2014-11-19 10:41:38'),(41,2,204,5,202,145,'2014-11-19 10:42:38'),(42,5,203,3,204,144,'2014-11-19 10:42:38'),(43,1,202,3,201,144,'2014-11-19 10:42:38'),(44,1,203,4,201,143,'2014-11-19 10:42:38'),(45,3,204,5,203,144,'2014-11-19 10:42:38'),(46,4,203,3,203,192,'2014-11-19 10:42:38'),(47,5,202,2,204,144,'2014-11-19 10:42:38'),(48,1,204,5,201,145,'2014-11-19 10:42:38'),(49,4,204,5,204,193,'2014-11-19 10:42:38'),(50,2,202,3,202,144,'2014-11-19 10:42:38'),(51,3,201,1,202,144,'2014-11-19 10:42:38'),(52,5,201,1,204,144,'2014-11-19 10:42:38'),(53,4,202,2,203,191,'2014-11-19 10:42:38'),(54,3,202,2,202,144,'2014-11-19 10:42:38'),(55,5,204,4,204,143,'2014-11-19 10:42:38'),(56,1,201,2,201,144,'2014-11-19 10:42:38'),(57,4,201,1,203,192,'2014-11-19 10:42:38'),(58,2,201,1,201,144,'2014-11-19 10:42:38'),(59,3,203,4,203,143,'2014-11-19 10:42:38'),(60,2,203,4,202,143,'2014-11-19 10:42:38'),(61,2,204,5,202,144,'2014-11-19 10:43:38'),(62,5,203,3,204,193,'2014-11-19 10:43:38'),(63,1,202,3,201,193,'2014-11-19 10:43:38'),(64,1,203,4,201,193,'2014-11-19 10:43:38'),(65,3,204,5,203,192,'2014-11-19 10:43:38'),(66,4,203,3,203,145,'2014-11-19 10:43:38'),(67,5,202,2,204,193,'2014-11-19 10:43:38'),(68,1,204,5,201,192,'2014-11-19 10:43:38'),(69,4,204,5,204,144,'2014-11-19 10:43:38'),(70,2,202,3,202,145,'2014-11-19 10:43:38'),(71,3,201,1,202,192,'2014-11-19 10:43:38'),(72,5,201,1,204,192,'2014-11-19 10:43:38'),(73,4,202,2,203,145,'2014-11-19 10:43:38'),(74,3,202,2,202,193,'2014-11-19 10:43:38'),(75,5,204,4,204,193,'2014-11-19 10:43:38'),(76,1,201,2,201,193,'2014-11-19 10:43:38'),(77,4,201,1,203,144,'2014-11-19 10:43:38'),(78,2,201,1,201,144,'2014-11-19 10:43:38'),(79,3,203,4,203,193,'2014-11-19 10:43:38'),(80,2,203,4,202,145,'2014-11-19 10:43:38'),(81,2,204,5,202,191,'2014-11-19 10:44:38'),(82,5,203,3,204,143,'2014-11-19 10:44:38'),(83,1,202,3,201,191,'2014-11-19 10:44:38'),(84,1,203,4,201,191,'2014-11-19 10:44:38'),(85,3,204,5,203,191,'2014-11-19 10:44:38'),(86,4,203,3,203,143,'2014-11-19 10:44:38'),(87,5,202,2,204,144,'2014-11-19 10:44:38'),(88,1,204,5,201,191,'2014-11-19 10:44:38'),(89,4,204,5,204,143,'2014-11-19 10:44:38'),(90,2,202,3,202,191,'2014-11-19 10:44:38'),(91,3,201,1,202,192,'2014-11-19 10:44:38'),(92,5,201,1,204,144,'2014-11-19 10:44:38'),(93,4,202,2,203,144,'2014-11-19 10:44:38'),(94,3,202,2,202,192,'2014-11-19 10:44:38'),(95,5,204,4,204,143,'2014-11-19 10:44:38'),(96,1,201,2,201,192,'2014-11-19 10:44:38'),(97,4,201,1,203,144,'2014-11-19 10:44:38'),(98,2,201,1,201,192,'2014-11-19 10:44:38'),(99,3,203,4,203,191,'2014-11-19 10:44:38'),(100,2,203,4,202,143,'2014-11-19 10:44:38'),(101,2,204,5,202,191,'2014-11-19 10:45:38'),(102,5,203,3,204,144,'2014-11-19 10:45:38'),(103,1,202,3,201,144,'2014-11-19 10:45:38'),(104,1,203,4,201,144,'2014-11-19 10:45:38'),(105,3,204,5,203,143,'2014-11-19 10:45:38'),(106,4,203,3,203,144,'2014-11-19 10:45:38'),(107,5,202,2,204,144,'2014-11-19 10:45:38'),(108,1,204,5,201,143,'2014-11-19 10:45:38'),(109,4,204,5,204,143,'2014-11-19 10:45:38'),(110,2,202,3,202,191,'2014-11-19 10:45:38'),(111,3,201,1,202,144,'2014-11-19 10:45:38'),(112,5,201,1,204,144,'2014-11-19 10:45:38'),(113,4,202,2,203,192,'2014-11-19 10:45:38'),(114,3,202,2,202,144,'2014-11-19 10:45:38'),(115,5,204,4,204,144,'2014-11-19 10:45:38'),(116,1,201,2,201,144,'2014-11-19 10:45:38'),(117,4,201,1,203,192,'2014-11-19 10:45:38'),(118,2,201,1,201,192,'2014-11-19 10:45:38'),(119,3,203,4,203,144,'2014-11-19 10:45:38'),(120,2,203,4,202,192,'2014-11-19 10:45:38'),(121,2,204,5,202,144,'2014-11-19 10:46:38'),(122,5,203,3,204,144,'2014-11-19 10:46:38'),(123,1,202,3,201,192,'2014-11-19 10:46:38'),(124,1,203,4,201,191,'2014-11-19 10:46:38'),(125,3,204,5,203,192,'2014-11-19 10:46:38'),(126,4,203,3,203,144,'2014-11-19 10:46:38'),(127,5,202,2,204,145,'2014-11-19 10:46:38'),(128,1,204,5,201,192,'2014-11-19 10:46:38'),(129,4,204,5,204,144,'2014-11-19 10:46:38'),(130,2,202,3,202,144,'2014-11-19 10:46:38'),(131,3,201,1,202,144,'2014-11-19 10:46:38'),(132,5,201,1,204,144,'2014-11-19 10:46:38'),(133,4,202,2,203,145,'2014-11-19 10:46:38'),(134,3,202,2,202,145,'2014-11-19 10:46:38'),(135,5,204,4,204,144,'2014-11-19 10:46:38'),(136,1,201,2,201,194,'2014-11-19 10:46:38'),(137,4,201,1,203,144,'2014-11-19 10:46:38'),(138,2,201,1,201,144,'2014-11-19 10:46:38'),(139,3,203,4,203,191,'2014-11-19 10:46:38'),(140,2,203,4,202,144,'2014-11-19 10:46:38'),(141,2,204,5,202,143,'2014-11-19 10:47:38'),(142,5,203,3,204,192,'2014-11-19 10:47:38'),(143,1,202,3,201,192,'2014-11-19 10:47:38'),(144,1,203,4,201,192,'2014-11-19 10:47:38'),(145,3,204,5,203,191,'2014-11-19 10:47:38'),(146,4,203,3,203,144,'2014-11-19 10:47:38'),(147,5,202,2,204,144,'2014-11-19 10:47:38'),(148,1,204,5,201,191,'2014-11-19 10:47:38'),(149,4,204,5,204,143,'2014-11-19 10:47:38'),(150,2,202,3,202,144,'2014-11-19 10:47:38'),(151,3,201,1,202,192,'2014-11-19 10:47:38'),(152,5,201,1,204,144,'2014-11-19 10:47:38'),(153,4,202,2,203,144,'2014-11-19 10:47:38'),(154,3,202,2,202,193,'2014-11-19 10:47:38'),(155,5,204,4,204,192,'2014-11-19 10:47:38'),(156,1,201,2,201,193,'2014-11-19 10:47:38'),(157,4,201,1,203,144,'2014-11-19 10:47:38'),(158,2,201,1,201,192,'2014-11-19 10:47:38'),(159,3,203,4,203,192,'2014-11-19 10:47:38'),(160,2,203,4,202,144,'2014-11-19 10:47:38');
/*!40000 ALTER TABLE `route` ENABLE KEYS */;
UNLOCK TABLES;

--
-- Table structure for table `servicecommand`
--

DROP TABLE IF EXISTS `servicecommand`;
/*!40101 SET @saved_cs_client     = @@character_set_client */;
/*!40101 SET character_set_client = utf8 */;
CREATE TABLE `servicecommand` (
  `id` int(11) NOT NULL AUTO_INCREMENT,
  `service_name` varchar(50) NOT NULL,
  `commands` text,
  `command_created_at` timestamp NOT NULL DEFAULT CURRENT_TIMESTAMP ON UPDATE CURRENT_TIMESTAMP,
  PRIMARY KEY (`id`),
  KEY `service_name` (`service_name`,`commands`(255))
) ENGINE=InnoDB DEFAULT CHARSET=utf8;
/*!40101 SET character_set_client = @saved_cs_client */;

--
-- Dumping data for table `servicecommand`
--

LOCK TABLES `servicecommand` WRITE;
/*!40000 ALTER TABLE `servicecommand` DISABLE KEYS */;
/*!40000 ALTER TABLE `servicecommand` ENABLE KEYS */;
UNLOCK TABLES;

--
-- Table structure for table `servicelocation`
--

DROP TABLE IF EXISTS `servicelocation`;
/*!40101 SET @saved_cs_client     = @@character_set_client */;
/*!40101 SET character_set_client = utf8 */;
CREATE TABLE `servicelocation` (
  `id` int(11) NOT NULL AUTO_INCREMENT,
  `node_ip` varchar(50) NOT NULL,
  `service_key` varchar(50) NOT NULL,
  `service_name` varchar(50) DEFAULT NULL,
  PRIMARY KEY (`id`),
  KEY `service_key` (`service_key`,`node_ip`,`service_name`)
) ENGINE=InnoDB DEFAULT CHARSET=utf8;
/*!40101 SET character_set_client = @saved_cs_client */;

--
-- Dumping data for table `servicelocation`
--

LOCK TABLES `servicelocation` WRITE;
/*!40000 ALTER TABLE `servicelocation` DISABLE KEYS */;
/*!40000 ALTER TABLE `servicelocation` ENABLE KEYS */;
UNLOCK TABLES;

--
-- Table structure for table `servicepath`
--

DROP TABLE IF EXISTS `servicepath`;
/*!40101 SET @saved_cs_client     = @@character_set_client */;
/*!40101 SET character_set_client = utf8 */;
CREATE TABLE `servicepath` (
  `id` int(11) NOT NULL AUTO_INCREMENT,
  `path_id` varchar(50) NOT NULL,
  `src_node_mac` varchar(50) NOT NULL,
  `src_service_key` varchar(50) NOT NULL,
  `src_service_name` varchar(50) NOT NULL,
  `dst_node_mac` varchar(50) NOT NULL,
  `dst_service_key` varchar(50) NOT NULL,
  `dst_service_name` varchar(50) NOT NULL,
  PRIMARY KEY (`id`),
  KEY `path_id` (`path_id`,`src_node_mac`,`dst_node_mac`)
) ENGINE=InnoDB DEFAULT CHARSET=utf8;
/*!40101 SET character_set_client = @saved_cs_client */;

--
-- Dumping data for table `servicepath`
--

LOCK TABLES `servicepath` WRITE;
/*!40000 ALTER TABLE `servicepath` DISABLE KEYS */;
/*!40000 ALTER TABLE `servicepath` ENABLE KEYS */;
UNLOCK TABLES;

--
-- Table structure for table `servicepath_switch_relay`
--

DROP TABLE IF EXISTS `servicepath_switch_relay`;
/*!40101 SET @saved_cs_client     = @@character_set_client */;
/*!40101 SET character_set_client = utf8 */;
CREATE TABLE `servicepath_switch_relay` (
  `path_id` varchar(50) NOT NULL,
  `switch_id` int(11) NOT NULL,
  `switch_port` int(11) NOT NULL,
  `switch_port_name` varchar(50) NOT NULL,
  `ordered_id` int(11) NOT NULL,
  PRIMARY KEY (`path_id`,`switch_id`,`switch_port`,`ordered_id`),
  KEY `path_id` (`path_id`),
  CONSTRAINT `servicepath_switch_relay_ibfk_1` FOREIGN KEY (`path_id`) REFERENCES `servicepath` (`path_id`)
) ENGINE=InnoDB DEFAULT CHARSET=utf8;
/*!40101 SET character_set_client = @saved_cs_client */;

--
-- Dumping data for table `servicepath_switch_relay`
--

LOCK TABLES `servicepath_switch_relay` WRITE;
/*!40000 ALTER TABLE `servicepath_switch_relay` DISABLE KEYS */;
/*!40000 ALTER TABLE `servicepath_switch_relay` ENABLE KEYS */;
UNLOCK TABLES;

--
-- Table structure for table `servicetraffic`
--

DROP TABLE IF EXISTS `servicetraffic`;
/*!40101 SET @saved_cs_client     = @@character_set_client */;
/*!40101 SET character_set_client = utf8 */;
CREATE TABLE `servicetraffic` (
  `path_id` varchar(50) NOT NULL,
  `src_service_name` varchar(50) NOT NULL,
  `dst_service_name` varchar(50) NOT NULL,
  `traffic` decimal(10,3) NOT NULL,
  PRIMARY KEY (`path_id`,`src_service_name`,`dst_service_name`),
  KEY `path_id` (`path_id`),
  CONSTRAINT `servicetraffic_ibfk_1` FOREIGN KEY (`path_id`) REFERENCES `servicepath` (`path_id`)
) ENGINE=InnoDB DEFAULT CHARSET=utf8;
/*!40101 SET character_set_client = @saved_cs_client */;

--
-- Dumping data for table `servicetraffic`
--

LOCK TABLES `servicetraffic` WRITE;
/*!40000 ALTER TABLE `servicetraffic` DISABLE KEYS */;
/*!40000 ALTER TABLE `servicetraffic` ENABLE KEYS */;
UNLOCK TABLES;

--
-- Table structure for table `switch`
--

DROP TABLE IF EXISTS `switch`;
/*!40101 SET @saved_cs_client     = @@character_set_client */;
/*!40101 SET character_set_client = utf8 */;
CREATE TABLE `switch` (
  `switch_id` int(11) NOT NULL,
  `switch_ip` varchar(50) NOT NULL,
  `switch_mac` varchar(50) DEFAULT NULL,
  `switch_latest_time` datetime NOT NULL,
  `switch_flag` enum('Y','N') NOT NULL,
  PRIMARY KEY (`switch_id`,`switch_ip`)
) ENGINE=InnoDB DEFAULT CHARSET=utf8;
/*!40101 SET character_set_client = @saved_cs_client */;

--
-- Dumping data for table `switch`
--

LOCK TABLES `switch` WRITE;
/*!40000 ALTER TABLE `switch` DISABLE KEYS */;
INSERT INTO `switch` VALUES (1,'172.18.210.254','','2014-11-19 10:47:45','Y'),(2,'172.18.212.254','','2014-11-19 10:47:46','Y'),(3,'172.18.214.254','','2014-11-19 10:47:46','Y'),(4,'172.18.216.254','','2014-11-19 10:47:47','Y'),(5,'172.18.218.254','','2014-11-19 10:47:48','Y');
/*!40000 ALTER TABLE `switch` ENABLE KEYS */;
UNLOCK TABLES;

--
-- Table structure for table `switchport`
--

DROP TABLE IF EXISTS `switchport`;
/*!40101 SET @saved_cs_client     = @@character_set_client */;
/*!40101 SET character_set_client = utf8 */;
CREATE TABLE `switchport` (
  `switch_id` int(11) NOT NULL,
  `switch_ip` varchar(50) NOT NULL,
  `switchport_mac` varchar(50) NOT NULL,
  `switchport_port` int(11) NOT NULL,
  `switchport_ip` varchar(50) DEFAULT NULL,
  `switchport_latest_time` datetime NOT NULL,
  `switchport_flag` enum('Y','N') NOT NULL,
  PRIMARY KEY (`switchport_mac`,`switchport_port`),
  KEY `switch_id` (`switch_id`,`switch_ip`),
  CONSTRAINT `switchport_ibfk_1` FOREIGN KEY (`switch_id`, `switch_ip`) REFERENCES `switch` (`switch_id`, `switch_ip`)
) ENGINE=InnoDB DEFAULT CHARSET=utf8;
/*!40101 SET character_set_client = @saved_cs_client */;

--
-- Dumping data for table `switchport`
--

LOCK TABLES `switchport` WRITE;
/*!40000 ALTER TABLE `switchport` DISABLE KEYS */;
INSERT INTO `switchport` VALUES (1,'172.18.210.254','00:00:00:00:10:01',1,'10.0.1.254','2014-11-19 10:47:45','Y'),(1,'172.18.210.254','00:00:00:00:10:02',2,'10.0.2.254','2014-11-19 10:47:45','Y'),(1,'172.18.210.254','00:00:00:00:10:03',3,'10.0.3.254','2014-11-19 10:47:45','Y'),(1,'172.18.210.254','00:00:00:00:10:04',4,'10.0.4.254','2014-11-19 10:47:45','Y'),(1,'172.18.210.254','00:00:00:00:10:05',5,'10.0.5.254','2014-11-19 10:47:45','Y'),(1,'172.18.210.254','00:00:00:00:10:06',6,'10.0.6.254','2014-11-19 10:47:45','Y'),(1,'172.18.210.254','00:00:00:00:10:07',7,'10.0.7.254','2014-11-19 10:47:45','Y'),(1,'172.18.210.254','00:00:00:00:10:08',8,'10.0.8.254','2014-11-19 10:47:45','Y'),(1,'172.18.210.254','00:00:00:00:10:09',9,'10.0.9.254','2014-11-19 10:47:45','Y'),(1,'172.18.210.254','00:00:00:00:10:10',10,'10.0.10.254','2014-11-19 10:47:45','Y'),(1,'172.18.210.254','00:00:00:00:10:11',11,'10.0.11.254','2014-11-19 10:47:45','Y'),(1,'172.18.210.254','00:00:00:00:10:12',12,'10.0.12.254','2014-11-19 10:47:45','Y'),(1,'172.18.210.254','00:00:00:00:10:13',13,'10.0.13.254','2014-11-19 10:47:45','Y'),(1,'172.18.210.254','00:00:00:00:10:14',14,'10.0.14.254','2014-11-19 10:47:45','Y'),(1,'172.18.210.254','00:00:00:00:10:15',15,'10.0.15.254','2014-11-19 10:47:45','Y'),(1,'172.18.210.254','00:00:00:00:10:16',16,'10.0.16.254','2014-11-19 10:47:45','Y'),(1,'172.18.210.254','00:00:00:00:10:17',17,'10.0.17.254','2014-11-19 10:47:45','Y'),(1,'172.18.210.254','00:00:00:00:10:18',18,'10.0.18.254','2014-11-19 10:47:45','Y'),(1,'172.18.210.254','00:00:00:00:10:19',19,'10.0.19.254','2014-11-19 10:47:45','Y'),(1,'172.18.210.254','00:00:00:00:10:20',20,'10.0.20.254','2014-11-19 10:47:45','Y'),(1,'172.18.210.254','00:00:00:00:10:21',21,'10.0.21.254','2014-11-19 10:47:45','Y'),(1,'172.18.210.254','00:00:00:00:10:22',22,'10.0.22.254','2014-11-19 10:47:45','Y'),(1,'172.18.210.254','00:00:00:00:10:23',23,'10.0.23.254','2014-11-19 10:47:45','Y'),(1,'172.18.210.254','00:00:00:00:10:24',24,'10.0.24.254','2014-11-19 10:47:45','Y'),(1,'172.18.210.254','00:00:00:00:10:25',25,'10.0.25.254','2014-11-19 10:47:45','Y'),(1,'172.18.210.254','00:00:00:00:10:26',26,'10.0.26.254','2014-11-19 10:47:45','Y'),(1,'172.18.210.254','00:00:00:00:10:27',27,'10.0.27.254','2014-11-19 10:47:45','Y'),(1,'172.18.210.254','00:00:00:00:10:28',28,'10.0.28.254','2014-11-19 10:47:45','Y'),(1,'172.18.210.254','00:00:00:00:10:29',29,'10.0.29.254','2014-11-19 10:47:45','Y'),(1,'172.18.210.254','00:00:00:00:10:30',30,'10.0.30.254','2014-11-19 10:47:45','Y'),(1,'172.18.210.254','00:00:00:00:10:31',31,'10.0.31.254','2014-11-19 10:47:45','Y'),(1,'172.18.210.254','00:00:00:00:10:32',32,'10.0.32.254','2014-11-19 10:47:45','Y'),(1,'172.18.210.254','00:00:00:00:10:33',33,'10.0.33.254','2014-11-19 10:47:45','Y'),(1,'172.18.210.254','00:00:00:00:10:34',34,'10.0.34.254','2014-11-19 10:47:45','Y'),(1,'172.18.210.254','00:00:00:00:10:35',35,'10.0.35.254','2014-11-19 10:47:45','Y'),(1,'172.18.210.254','00:00:00:00:10:36',36,'10.0.36.254','2014-11-19 10:47:45','Y'),(1,'172.18.210.254','00:00:00:00:10:37',37,'10.0.37.254','2014-11-19 10:47:45','Y'),(1,'172.18.210.254','00:00:00:00:10:38',38,'10.0.38.254','2014-11-19 10:47:45','Y'),(1,'172.18.210.254','00:00:00:00:10:39',39,'10.0.39.254','2014-11-19 10:47:45','Y'),(1,'172.18.210.254','00:00:00:00:10:40',40,'10.0.40.254','2014-11-19 10:47:45','Y'),(1,'172.18.210.254','00:00:00:00:10:41',41,'10.0.41.254','2014-11-19 10:47:45','Y'),(1,'172.18.210.254','00:00:00:00:10:42',42,'10.0.42.254','2014-11-19 10:47:45','Y'),(1,'172.18.210.254','00:00:00:00:10:43',43,'10.0.43.254','2014-11-19 10:47:45','Y'),(1,'172.18.210.254','00:00:00:00:10:44',44,'10.0.44.254','2014-11-19 10:47:45','Y'),(1,'172.18.210.254','00:00:00:00:10:45',45,'10.0.45.254','2014-11-19 10:47:45','Y'),(1,'172.18.210.254','00:00:00:00:10:46',46,'10.0.46.254','2014-11-19 10:47:45','Y'),(1,'172.18.210.254','00:00:00:00:10:47',47,'10.0.47.254','2014-11-19 10:47:45','Y'),(1,'172.18.210.254','00:00:00:00:10:48',48,'10.0.48.254','2014-11-19 10:47:45','Y'),(1,'172.18.210.254','00:00:00:00:10:49',49,'10.0.49.254','2014-11-19 10:47:45','Y'),(1,'172.18.210.254','00:00:00:00:10:50',50,'10.0.50.254','2014-11-19 10:47:45','Y'),(1,'172.18.210.254','00:00:00:00:10:51',51,'10.0.51.254','2014-11-19 10:47:45','Y'),(1,'172.18.210.254','00:00:00:00:10:52',52,'10.0.52.254','2014-11-19 10:47:45','Y'),(1,'172.18.210.254','00:00:00:00:10:53',53,'10.0.53.254','2014-11-19 10:47:45','Y'),(1,'172.18.210.254','00:00:00:00:10:54',54,'10.0.54.254','2014-11-19 10:47:45','Y'),(1,'172.18.210.254','00:00:00:00:10:55',55,'10.0.55.254','2014-11-19 10:47:45','Y'),(1,'172.18.210.254','00:00:00:00:10:56',56,'10.0.56.254','2014-11-19 10:47:45','Y'),(1,'172.18.210.254','00:00:00:00:10:57',57,'10.0.57.254','2014-11-19 10:47:45','Y'),(1,'172.18.210.254','00:00:00:00:10:58',58,'10.0.58.254','2014-11-19 10:47:45','Y'),(1,'172.18.210.254','00:00:00:00:10:59',59,'10.0.59.254','2014-11-19 10:47:45','Y'),(1,'172.18.210.254','00:00:00:00:10:60',60,'10.0.60.254','2014-11-19 10:47:45','Y'),(1,'172.18.210.254','00:00:00:00:10:61',61,'10.0.61.254','2014-11-19 10:47:45','Y'),(1,'172.18.210.254','00:00:00:00:10:62',62,'10.0.62.254','2014-11-19 10:47:45','Y'),(1,'172.18.210.254','00:00:00:00:10:63',63,'10.0.63.254','2014-11-19 10:47:45','Y'),(1,'172.18.210.254','00:00:00:00:10:64',64,'10.0.64.254','2014-11-19 10:47:45','Y'),(1,'172.18.210.254','00:00:00:00:10:65',65,'10.0.65.254','2014-11-19 10:47:45','Y'),(1,'172.18.210.254','00:00:00:00:10:66',66,'10.0.66.254','2014-11-19 10:47:45','Y'),(1,'172.18.210.254','00:00:00:00:10:67',67,'10.0.67.254','2014-11-19 10:47:45','Y'),(1,'172.18.210.254','00:00:00:00:10:68',68,'10.0.68.254','2014-11-19 10:47:45','Y'),(1,'172.18.210.254','00:00:00:00:10:69',69,'10.0.69.254','2014-11-19 10:47:45','Y'),(1,'172.18.210.254','00:00:00:00:10:70',70,'10.0.70.254','2014-11-19 10:47:45','Y'),(1,'172.18.210.254','00:00:00:00:10:71',71,'10.0.71.254','2014-11-19 10:47:45','Y'),(1,'172.18.210.254','00:00:00:00:10:72',72,'10.0.72.254','2014-11-19 10:47:45','Y'),(1,'172.18.210.254','00:00:00:00:10:73',73,'10.0.73.254','2014-11-19 10:47:45','Y'),(1,'172.18.210.254','00:00:00:00:10:74',74,'10.0.74.254','2014-11-19 10:47:45','Y'),(1,'172.18.210.254','00:00:00:00:10:75',75,'10.0.75.254','2014-11-19 10:47:45','Y'),(1,'172.18.210.254','00:00:00:00:10:76',76,'10.0.76.254','2014-11-19 10:47:45','Y'),(1,'172.18.210.254','00:00:00:00:10:77',77,'10.0.77.254','2014-11-19 10:47:45','Y'),(1,'172.18.210.254','00:00:00:00:10:78',78,'10.0.78.254','2014-11-19 10:47:45','Y'),(1,'172.18.210.254','00:00:00:00:10:79',79,'10.0.79.254','2014-11-19 10:47:45','Y'),(1,'172.18.210.254','00:00:00:00:10:80',80,'10.0.80.254','2014-11-19 10:47:45','Y'),(1,'172.18.210.254','00:00:00:00:10:81',81,'10.0.81.254','2014-11-19 10:47:45','Y'),(1,'172.18.210.254','00:00:00:00:10:82',82,'10.0.82.254','2014-11-19 10:47:45','Y'),(1,'172.18.210.254','00:00:00:00:10:83',83,'10.0.83.254','2014-11-19 10:47:45','Y'),(1,'172.18.210.254','00:00:00:00:10:84',84,'10.0.84.254','2014-11-19 10:47:45','Y'),(1,'172.18.210.254','00:00:00:00:10:85',85,'10.0.85.254','2014-11-19 10:47:45','Y'),(1,'172.18.210.254','00:00:00:00:10:86',86,'10.0.86.254','2014-11-19 10:47:45','Y'),(1,'172.18.210.254','00:00:00:00:10:87',87,'10.0.87.254','2014-11-19 10:47:45','Y'),(1,'172.18.210.254','00:00:00:00:10:88',88,'10.0.88.254','2014-11-19 10:47:45','Y'),(1,'172.18.210.254','00:00:00:00:10:89',89,'10.0.89.254','2014-11-19 10:47:45','Y'),(1,'172.18.210.254','00:00:00:00:10:90',90,'10.0.90.254','2014-11-19 10:47:45','Y'),(1,'172.18.210.254','00:00:00:00:10:91',91,'10.0.91.254','2014-11-19 10:47:45','Y'),(1,'172.18.210.254','00:00:00:00:10:92',92,'10.0.92.254','2014-11-19 10:47:45','Y'),(1,'172.18.210.254','00:00:00:00:10:93',93,'10.0.93.254','2014-11-19 10:47:45','Y'),(1,'172.18.210.254','00:00:00:00:10:94',94,'10.0.94.254','2014-11-19 10:47:45','Y'),(1,'172.18.210.254','00:00:00:00:10:95',95,'10.0.95.254','2014-11-19 10:47:45','Y'),(1,'172.18.210.254','00:00:00:00:10:96',96,'10.0.96.254','2014-11-19 10:47:45','Y'),(1,'172.18.210.254','00:00:00:00:10:97',97,'10.0.97.254','2014-11-19 10:47:45','Y'),(1,'172.18.210.254','00:00:00:00:10:98',98,'10.0.98.254','2014-11-19 10:47:45','Y'),(1,'172.18.210.254','00:00:00:00:10:99',99,'10.0.99.254','2014-11-19 10:47:45','Y'),(1,'172.18.210.254','00:00:00:00:11:00',100,'10.0.100.254','2014-11-19 10:47:45','Y'),(1,'172.18.210.254','00:00:00:00:11:01',101,'10.0.101.254','2014-11-19 10:47:45','Y'),(1,'172.18.210.254','00:00:00:00:11:02',102,'10.0.102.254','2014-11-19 10:47:45','Y'),(1,'172.18.210.254','00:00:00:00:11:03',103,'10.0.103.254','2014-11-19 10:47:45','Y'),(1,'172.18.210.254','00:00:00:00:11:04',104,'10.0.104.254','2014-11-19 10:47:45','Y'),(1,'172.18.210.254','00:00:00:00:11:05',105,'10.0.105.254','2014-11-19 10:47:45','Y'),(1,'172.18.210.254','00:00:00:00:11:06',106,'10.0.106.254','2014-11-19 10:47:45','Y'),(1,'172.18.210.254','00:00:00:00:11:07',107,'10.0.107.254','2014-11-19 10:47:45','Y'),(1,'172.18.210.254','00:00:00:00:11:08',108,'10.0.108.254','2014-11-19 10:47:45','Y'),(1,'172.18.210.254','00:00:00:00:11:09',109,'10.0.109.254','2014-11-19 10:47:45','Y'),(1,'172.18.210.254','00:00:00:00:11:10',110,'10.0.110.254','2014-11-19 10:47:45','Y'),(1,'172.18.210.254','00:00:00:00:11:11',111,'10.0.111.254','2014-11-19 10:47:45','Y'),(1,'172.18.210.254','00:00:00:00:11:12',112,'10.0.112.254','2014-11-19 10:47:45','Y'),(1,'172.18.210.254','00:00:00:00:11:13',113,'10.0.113.254','2014-11-19 10:47:45','Y'),(1,'172.18.210.254','00:00:00:00:11:14',114,'10.0.114.254','2014-11-19 10:47:45','Y'),(1,'172.18.210.254','00:00:00:00:11:15',115,'10.0.115.254','2014-11-19 10:47:45','Y'),(1,'172.18.210.254','00:00:00:00:11:16',116,'10.0.116.254','2014-11-19 10:47:45','Y'),(1,'172.18.210.254','00:00:00:00:11:17',117,'10.0.117.254','2014-11-19 10:47:45','Y'),(1,'172.18.210.254','00:00:00:00:11:18',118,'10.0.118.254','2014-11-19 10:47:45','Y'),(1,'172.18.210.254','00:00:00:00:11:19',119,'10.0.119.254','2014-11-19 10:47:45','Y'),(1,'172.18.210.254','00:00:00:00:11:20',120,'10.0.120.254','2014-11-19 10:47:45','Y'),(1,'172.18.210.254','00:00:00:00:11:21',121,'10.0.121.254','2014-11-19 10:47:45','Y'),(1,'172.18.210.254','00:00:00:00:11:22',122,'10.0.122.254','2014-11-19 10:47:45','Y'),(1,'172.18.210.254','00:00:00:00:11:23',123,'10.0.123.254','2014-11-19 10:47:45','Y'),(1,'172.18.210.254','00:00:00:00:11:24',124,'10.0.124.254','2014-11-19 10:47:45','Y'),(1,'172.18.210.254','00:00:00:00:11:25',125,'10.0.125.254','2014-11-19 10:47:45','Y'),(1,'172.18.210.254','00:00:00:00:11:26',126,'10.0.126.254','2014-11-19 10:47:45','Y'),(1,'172.18.210.254','00:00:00:00:11:27',127,'10.0.127.254','2014-11-19 10:47:45','Y'),(1,'172.18.210.254','00:00:00:00:11:28',128,'10.0.128.254','2014-11-19 10:47:45','Y'),(1,'172.18.210.254','00:00:00:00:11:29',129,'10.0.129.254','2014-11-19 10:47:45','Y'),(1,'172.18.210.254','00:00:00:00:11:30',130,'10.0.130.254','2014-11-19 10:47:45','Y'),(1,'172.18.210.254','00:00:00:00:11:31',131,'10.0.131.254','2014-11-19 10:47:45','Y'),(1,'172.18.210.254','00:00:00:00:11:32',132,'10.0.132.254','2014-11-19 10:47:45','Y'),(1,'172.18.210.254','00:00:00:00:11:33',133,'10.0.133.254','2014-11-19 10:47:45','Y'),(1,'172.18.210.254','00:00:00:00:11:34',134,'10.0.134.254','2014-11-19 10:47:45','Y'),(1,'172.18.210.254','00:00:00:00:11:35',135,'10.0.135.254','2014-11-19 10:47:45','Y'),(1,'172.18.210.254','00:00:00:00:11:36',136,'10.0.136.254','2014-11-19 10:47:45','Y'),(1,'172.18.210.254','00:00:00:00:11:37',137,'10.0.137.254','2014-11-19 10:47:45','Y'),(1,'172.18.210.254','00:00:00:00:11:38',138,'10.0.138.254','2014-11-19 10:47:45','Y'),(1,'172.18.210.254','00:00:00:00:11:39',139,'10.0.139.254','2014-11-19 10:47:45','Y'),(1,'172.18.210.254','00:00:00:00:11:40',140,'10.0.140.254','2014-11-19 10:47:45','Y'),(1,'172.18.210.254','00:00:00:00:11:41',141,'10.0.141.254','2014-11-19 10:47:45','Y'),(1,'172.18.210.254','00:00:00:00:11:42',142,'10.0.142.254','2014-11-19 10:47:45','Y'),(1,'172.18.210.254','00:00:00:00:11:43',143,'10.0.143.254','2014-11-19 10:47:45','Y'),(1,'172.18.210.254','00:00:00:00:11:44',144,'10.0.144.254','2014-11-19 10:47:45','Y'),(1,'172.18.210.254','00:00:00:00:11:45',145,'10.0.145.254','2014-11-19 10:47:45','Y'),(1,'172.18.210.254','00:00:00:00:11:46',146,'10.0.146.254','2014-11-19 10:47:45','Y'),(1,'172.18.210.254','00:00:00:00:11:47',147,'10.0.147.254','2014-11-19 10:47:45','Y'),(1,'172.18.210.254','00:00:00:00:11:48',148,'10.0.148.254','2014-11-19 10:47:45','Y'),(1,'172.18.210.254','00:00:00:00:11:49',149,'10.0.149.254','2014-11-19 10:47:45','Y'),(1,'172.18.210.254','00:00:00:00:11:50',150,'10.0.150.254','2014-11-19 10:47:45','Y'),(1,'172.18.210.254','00:00:00:00:11:51',151,'10.0.151.254','2014-11-19 10:47:45','Y'),(1,'172.18.210.254','00:00:00:00:11:52',152,'10.0.152.254','2014-11-19 10:47:45','Y'),(1,'172.18.210.254','00:00:00:00:11:53',153,'10.0.153.254','2014-11-19 10:47:45','Y'),(1,'172.18.210.254','00:00:00:00:11:54',154,'10.0.154.254','2014-11-19 10:47:45','Y'),(1,'172.18.210.254','00:00:00:00:11:55',155,'10.0.155.254','2014-11-19 10:47:45','Y'),(1,'172.18.210.254','00:00:00:00:11:56',156,'10.0.156.254','2014-11-19 10:47:45','Y'),(1,'172.18.210.254','00:00:00:00:11:57',157,'10.0.157.254','2014-11-19 10:47:45','Y'),(1,'172.18.210.254','00:00:00:00:11:58',158,'10.0.158.254','2014-11-19 10:47:45','Y'),(1,'172.18.210.254','00:00:00:00:11:59',159,'10.0.159.254','2014-11-19 10:47:45','Y'),(1,'172.18.210.254','00:00:00:00:11:60',160,'10.0.160.254','2014-11-19 10:47:45','Y'),(1,'172.18.210.254','00:00:00:00:11:61',161,'10.0.161.254','2014-11-19 10:47:45','Y'),(1,'172.18.210.254','00:00:00:00:11:62',162,'10.0.162.254','2014-11-19 10:47:45','Y'),(1,'172.18.210.254','00:00:00:00:11:63',163,'10.0.163.254','2014-11-19 10:47:45','Y'),(1,'172.18.210.254','00:00:00:00:11:64',164,'10.0.164.254','2014-11-19 10:47:45','Y'),(1,'172.18.210.254','00:00:00:00:11:65',165,'10.0.165.254','2014-11-19 10:47:45','Y'),(1,'172.18.210.254','00:00:00:00:11:66',166,'10.0.166.254','2014-11-19 10:47:45','Y'),(1,'172.18.210.254','00:00:00:00:11:67',167,'10.0.167.254','2014-11-19 10:47:45','Y'),(1,'172.18.210.254','00:00:00:00:11:68',168,'10.0.168.254','2014-11-19 10:47:45','Y'),(1,'172.18.210.254','00:00:00:00:11:69',169,'10.0.169.254','2014-11-19 10:47:45','Y'),(1,'172.18.210.254','00:00:00:00:11:70',170,'10.0.170.254','2014-11-19 10:47:45','Y'),(1,'172.18.210.254','00:00:00:00:11:71',171,'10.0.171.254','2014-11-19 10:47:45','Y'),(1,'172.18.210.254','00:00:00:00:11:72',172,'10.0.172.254','2014-11-19 10:47:45','Y'),(1,'172.18.210.254','00:00:00:00:11:73',173,'10.0.173.254','2014-11-19 10:47:45','Y'),(1,'172.18.210.254','00:00:00:00:11:74',174,'10.0.174.254','2014-11-19 10:47:45','Y'),(1,'172.18.210.254','00:00:00:00:11:75',175,'10.0.175.254','2014-11-19 10:47:45','Y'),(1,'172.18.210.254','00:00:00:00:11:76',176,'10.0.176.254','2014-11-19 10:47:45','Y'),(1,'172.18.210.254','00:00:00:00:11:77',177,'10.0.177.254','2014-11-19 10:47:45','Y'),(1,'172.18.210.254','00:00:00:00:11:78',178,'10.0.178.254','2014-11-19 10:47:45','Y'),(1,'172.18.210.254','00:00:00:00:11:79',179,'10.0.179.254','2014-11-19 10:47:45','Y'),(1,'172.18.210.254','00:00:00:00:11:80',180,'10.0.180.254','2014-11-19 10:47:45','Y'),(1,'172.18.210.254','00:00:00:00:11:81',181,'10.0.181.254','2014-11-19 10:47:45','Y'),(1,'172.18.210.254','00:00:00:00:11:82',182,'10.0.182.254','2014-11-19 10:47:45','Y'),(1,'172.18.210.254','00:00:00:00:11:83',183,'10.0.183.254','2014-11-19 10:47:45','Y'),(1,'172.18.210.254','00:00:00:00:11:84',184,'10.0.184.254','2014-11-19 10:47:45','Y'),(1,'172.18.210.254','00:00:00:00:11:85',185,'10.0.185.254','2014-11-19 10:47:45','Y'),(1,'172.18.210.254','00:00:00:00:11:86',186,'10.0.186.254','2014-11-19 10:47:45','Y'),(1,'172.18.210.254','00:00:00:00:11:87',187,'10.0.187.254','2014-11-19 10:47:45','Y'),(1,'172.18.210.254','00:00:00:00:11:88',188,'10.0.188.254','2014-11-19 10:47:45','Y'),(1,'172.18.210.254','00:00:00:00:11:89',189,'10.0.189.254','2014-11-19 10:47:45','Y'),(1,'172.18.210.254','00:00:00:00:11:90',190,'10.0.190.254','2014-11-19 10:47:45','Y'),(1,'172.18.210.254','00:00:00:00:11:91',191,'10.0.191.254','2014-11-19 10:47:45','Y'),(1,'172.18.210.254','00:00:00:00:11:92',192,'10.0.192.254','2014-11-19 10:47:45','Y'),(1,'172.18.210.254','00:00:00:00:11:93',193,'10.0.193.254','2014-11-19 10:47:45','Y'),(1,'172.18.210.254','00:00:00:00:11:94',194,'10.0.194.254','2014-11-19 10:47:46','Y'),(1,'172.18.210.254','00:00:00:00:11:95',195,'10.0.195.254','2014-11-19 10:47:46','Y'),(1,'172.18.210.254','00:00:00:00:11:96',196,'10.0.196.254','2014-11-19 10:47:46','Y'),(1,'172.18.210.254','00:00:00:00:11:97',197,'10.0.197.254','2014-11-19 10:47:46','Y'),(1,'172.18.210.254','00:00:00:00:11:98',198,'10.0.198.254','2014-11-19 10:47:46','Y'),(1,'172.18.210.254','00:00:00:00:11:99',199,'10.0.199.254','2014-11-19 10:47:46','Y'),(1,'172.18.210.254','00:00:00:00:12:00',200,'10.0.200.254','2014-11-19 10:47:46','Y'),(2,'172.18.212.254','00:00:00:00:12:01',1,'10.2.1.254','2014-11-19 10:47:46','Y'),(2,'172.18.212.254','00:00:00:00:12:02',2,'10.2.2.254','2014-11-19 10:47:46','Y'),(2,'172.18.212.254','00:00:00:00:12:03',3,'10.2.3.254','2014-11-19 10:47:46','Y'),(2,'172.18.212.254','00:00:00:00:12:04',4,'10.2.4.254','2014-11-19 10:47:46','Y'),(2,'172.18.212.254','00:00:00:00:12:05',5,'10.2.5.254','2014-11-19 10:47:46','Y'),(2,'172.18.212.254','00:00:00:00:12:06',6,'10.2.6.254','2014-11-19 10:47:46','Y'),(2,'172.18.212.254','00:00:00:00:12:07',7,'10.2.7.254','2014-11-19 10:47:46','Y'),(2,'172.18.212.254','00:00:00:00:12:08',8,'10.2.8.254','2014-11-19 10:47:46','Y'),(2,'172.18.212.254','00:00:00:00:12:09',9,'10.2.9.254','2014-11-19 10:47:46','Y'),(2,'172.18.212.254','00:00:00:00:12:10',10,'10.2.10.254','2014-11-19 10:47:46','Y'),(2,'172.18.212.254','00:00:00:00:12:11',11,'10.2.11.254','2014-11-19 10:47:46','Y'),(2,'172.18.212.254','00:00:00:00:12:12',12,'10.2.12.254','2014-11-19 10:47:46','Y'),(2,'172.18.212.254','00:00:00:00:12:13',13,'10.2.13.254','2014-11-19 10:47:46','Y'),(2,'172.18.212.254','00:00:00:00:12:14',14,'10.2.14.254','2014-11-19 10:47:46','Y'),(2,'172.18.212.254','00:00:00:00:12:15',15,'10.2.15.254','2014-11-19 10:47:46','Y'),(2,'172.18.212.254','00:00:00:00:12:16',16,'10.2.16.254','2014-11-19 10:47:46','Y'),(2,'172.18.212.254','00:00:00:00:12:17',17,'10.2.17.254','2014-11-19 10:47:46','Y'),(2,'172.18.212.254','00:00:00:00:12:18',18,'10.2.18.254','2014-11-19 10:47:46','Y'),(2,'172.18.212.254','00:00:00:00:12:19',19,'10.2.19.254','2014-11-19 10:47:46','Y'),(2,'172.18.212.254','00:00:00:00:12:20',20,'10.2.20.254','2014-11-19 10:47:46','Y'),(2,'172.18.212.254','00:00:00:00:12:21',21,'10.2.21.254','2014-11-19 10:47:46','Y'),(2,'172.18.212.254','00:00:00:00:12:22',22,'10.2.22.254','2014-11-19 10:47:46','Y'),(2,'172.18.212.254','00:00:00:00:12:23',23,'10.2.23.254','2014-11-19 10:47:46','Y'),(2,'172.18.212.254','00:00:00:00:12:24',24,'10.2.24.254','2014-11-19 10:47:46','Y'),(2,'172.18.212.254','00:00:00:00:12:25',25,'10.2.25.254','2014-11-19 10:47:46','Y'),(2,'172.18.212.254','00:00:00:00:12:26',26,'10.2.26.254','2014-11-19 10:47:46','Y'),(2,'172.18.212.254','00:00:00:00:12:27',27,'10.2.27.254','2014-11-19 10:47:46','Y'),(2,'172.18.212.254','00:00:00:00:12:28',28,'10.2.28.254','2014-11-19 10:47:46','Y'),(2,'172.18.212.254','00:00:00:00:12:29',29,'10.2.29.254','2014-11-19 10:47:46','Y'),(2,'172.18.212.254','00:00:00:00:12:30',30,'10.2.30.254','2014-11-19 10:47:46','Y'),(2,'172.18.212.254','00:00:00:00:12:31',31,'10.2.31.254','2014-11-19 10:47:46','Y'),(2,'172.18.212.254','00:00:00:00:12:32',32,'10.2.32.254','2014-11-19 10:47:46','Y'),(2,'172.18.212.254','00:00:00:00:12:33',33,'10.2.33.254','2014-11-19 10:47:46','Y'),(2,'172.18.212.254','00:00:00:00:12:34',34,'10.2.34.254','2014-11-19 10:47:46','Y'),(2,'172.18.212.254','00:00:00:00:12:35',35,'10.2.35.254','2014-11-19 10:47:46','Y'),(2,'172.18.212.254','00:00:00:00:12:36',36,'10.2.36.254','2014-11-19 10:47:46','Y'),(2,'172.18.212.254','00:00:00:00:12:37',37,'10.2.37.254','2014-11-19 10:47:46','Y'),(2,'172.18.212.254','00:00:00:00:12:38',38,'10.2.38.254','2014-11-19 10:47:46','Y'),(2,'172.18.212.254','00:00:00:00:12:39',39,'10.2.39.254','2014-11-19 10:47:46','Y'),(2,'172.18.212.254','00:00:00:00:12:40',40,'10.2.40.254','2014-11-19 10:47:46','Y'),(2,'172.18.212.254','00:00:00:00:12:41',41,'10.2.41.254','2014-11-19 10:47:46','Y'),(2,'172.18.212.254','00:00:00:00:12:42',42,'10.2.42.254','2014-11-19 10:47:46','Y'),(2,'172.18.212.254','00:00:00:00:12:43',43,'10.2.43.254','2014-11-19 10:47:46','Y'),(2,'172.18.212.254','00:00:00:00:12:44',44,'10.2.44.254','2014-11-19 10:47:46','Y'),(2,'172.18.212.254','00:00:00:00:12:45',45,'10.2.45.254','2014-11-19 10:47:46','Y'),(2,'172.18.212.254','00:00:00:00:12:46',46,'10.2.46.254','2014-11-19 10:47:46','Y'),(2,'172.18.212.254','00:00:00:00:12:47',47,'10.2.47.254','2014-11-19 10:47:46','Y'),(2,'172.18.212.254','00:00:00:00:12:48',48,'10.2.48.254','2014-11-19 10:47:46','Y'),(2,'172.18.212.254','00:00:00:00:12:49',49,'10.2.49.254','2014-11-19 10:47:46','Y'),(2,'172.18.212.254','00:00:00:00:12:50',50,'10.2.50.254','2014-11-19 10:47:46','Y'),(2,'172.18.212.254','00:00:00:00:12:51',51,'10.2.51.254','2014-11-19 10:47:46','Y'),(2,'172.18.212.254','00:00:00:00:12:52',52,'10.2.52.254','2014-11-19 10:47:46','Y'),(2,'172.18.212.254','00:00:00:00:12:53',53,'10.2.53.254','2014-11-19 10:47:46','Y'),(2,'172.18.212.254','00:00:00:00:12:54',54,'10.2.54.254','2014-11-19 10:47:46','Y'),(2,'172.18.212.254','00:00:00:00:12:55',55,'10.2.55.254','2014-11-19 10:47:46','Y'),(2,'172.18.212.254','00:00:00:00:12:56',56,'10.2.56.254','2014-11-19 10:47:46','Y'),(2,'172.18.212.254','00:00:00:00:12:57',57,'10.2.57.254','2014-11-19 10:47:46','Y'),(2,'172.18.212.254','00:00:00:00:12:58',58,'10.2.58.254','2014-11-19 10:47:46','Y'),(2,'172.18.212.254','00:00:00:00:12:59',59,'10.2.59.254','2014-11-19 10:47:46','Y'),(2,'172.18.212.254','00:00:00:00:12:60',60,'10.2.60.254','2014-11-19 10:47:46','Y'),(2,'172.18.212.254','00:00:00:00:12:61',61,'10.2.61.254','2014-11-19 10:47:46','Y'),(2,'172.18.212.254','00:00:00:00:12:62',62,'10.2.62.254','2014-11-19 10:47:46','Y'),(2,'172.18.212.254','00:00:00:00:12:63',63,'10.2.63.254','2014-11-19 10:47:46','Y'),(2,'172.18.212.254','00:00:00:00:12:64',64,'10.2.64.254','2014-11-19 10:47:46','Y'),(2,'172.18.212.254','00:00:00:00:12:65',65,'10.2.65.254','2014-11-19 10:47:46','Y'),(2,'172.18.212.254','00:00:00:00:12:66',66,'10.2.66.254','2014-11-19 10:47:46','Y'),(2,'172.18.212.254','00:00:00:00:12:67',67,'10.2.67.254','2014-11-19 10:47:46','Y'),(2,'172.18.212.254','00:00:00:00:12:68',68,'10.2.68.254','2014-11-19 10:47:46','Y'),(2,'172.18.212.254','00:00:00:00:12:69',69,'10.2.69.254','2014-11-19 10:47:46','Y'),(2,'172.18.212.254','00:00:00:00:12:70',70,'10.2.70.254','2014-11-19 10:47:46','Y'),(2,'172.18.212.254','00:00:00:00:12:71',71,'10.2.71.254','2014-11-19 10:47:46','Y'),(2,'172.18.212.254','00:00:00:00:12:72',72,'10.2.72.254','2014-11-19 10:47:46','Y'),(2,'172.18.212.254','00:00:00:00:12:73',73,'10.2.73.254','2014-11-19 10:47:46','Y'),(2,'172.18.212.254','00:00:00:00:12:74',74,'10.2.74.254','2014-11-19 10:47:46','Y'),(2,'172.18.212.254','00:00:00:00:12:75',75,'10.2.75.254','2014-11-19 10:47:46','Y'),(2,'172.18.212.254','00:00:00:00:12:76',76,'10.2.76.254','2014-11-19 10:47:46','Y'),(2,'172.18.212.254','00:00:00:00:12:77',77,'10.2.77.254','2014-11-19 10:47:46','Y'),(2,'172.18.212.254','00:00:00:00:12:78',78,'10.2.78.254','2014-11-19 10:47:46','Y'),(2,'172.18.212.254','00:00:00:00:12:79',79,'10.2.79.254','2014-11-19 10:47:46','Y'),(2,'172.18.212.254','00:00:00:00:12:80',80,'10.2.80.254','2014-11-19 10:47:46','Y'),(2,'172.18.212.254','00:00:00:00:12:81',81,'10.2.81.254','2014-11-19 10:47:46','Y'),(2,'172.18.212.254','00:00:00:00:12:82',82,'10.2.82.254','2014-11-19 10:47:46','Y'),(2,'172.18.212.254','00:00:00:00:12:83',83,'10.2.83.254','2014-11-19 10:47:46','Y'),(2,'172.18.212.254','00:00:00:00:12:84',84,'10.2.84.254','2014-11-19 10:47:46','Y'),(2,'172.18.212.254','00:00:00:00:12:85',85,'10.2.85.254','2014-11-19 10:47:46','Y'),(2,'172.18.212.254','00:00:00:00:12:86',86,'10.2.86.254','2014-11-19 10:47:46','Y'),(2,'172.18.212.254','00:00:00:00:12:87',87,'10.2.87.254','2014-11-19 10:47:46','Y'),(2,'172.18.212.254','00:00:00:00:12:88',88,'10.2.88.254','2014-11-19 10:47:46','Y'),(2,'172.18.212.254','00:00:00:00:12:89',89,'10.2.89.254','2014-11-19 10:47:46','Y'),(2,'172.18.212.254','00:00:00:00:12:90',90,'10.2.90.254','2014-11-19 10:47:46','Y'),(2,'172.18.212.254','00:00:00:00:12:91',91,'10.2.91.254','2014-11-19 10:47:46','Y'),(2,'172.18.212.254','00:00:00:00:12:92',92,'10.2.92.254','2014-11-19 10:47:46','Y'),(2,'172.18.212.254','00:00:00:00:12:93',93,'10.2.93.254','2014-11-19 10:47:46','Y'),(2,'172.18.212.254','00:00:00:00:12:94',94,'10.2.94.254','2014-11-19 10:47:46','Y'),(2,'172.18.212.254','00:00:00:00:12:95',95,'10.2.95.254','2014-11-19 10:47:46','Y'),(2,'172.18.212.254','00:00:00:00:12:96',96,'10.2.96.254','2014-11-19 10:47:46','Y'),(2,'172.18.212.254','00:00:00:00:12:97',97,'10.2.97.254','2014-11-19 10:47:46','Y'),(2,'172.18.212.254','00:00:00:00:12:98',98,'10.2.98.254','2014-11-19 10:47:46','Y'),(2,'172.18.212.254','00:00:00:00:12:99',99,'10.2.99.254','2014-11-19 10:47:46','Y'),(2,'172.18.212.254','00:00:00:00:13:00',100,'10.2.100.254','2014-11-19 10:47:46','Y'),(2,'172.18.212.254','00:00:00:00:13:01',101,'10.2.101.254','2014-11-19 10:47:46','Y'),(2,'172.18.212.254','00:00:00:00:13:02',102,'10.2.102.254','2014-11-19 10:47:46','Y'),(2,'172.18.212.254','00:00:00:00:13:03',103,'10.2.103.254','2014-11-19 10:47:46','Y'),(2,'172.18.212.254','00:00:00:00:13:04',104,'10.2.104.254','2014-11-19 10:47:46','Y'),(2,'172.18.212.254','00:00:00:00:13:05',105,'10.2.105.254','2014-11-19 10:47:46','Y'),(2,'172.18.212.254','00:00:00:00:13:06',106,'10.2.106.254','2014-11-19 10:47:46','Y'),(2,'172.18.212.254','00:00:00:00:13:07',107,'10.2.107.254','2014-11-19 10:47:46','Y'),(2,'172.18.212.254','00:00:00:00:13:08',108,'10.2.108.254','2014-11-19 10:47:46','Y'),(2,'172.18.212.254','00:00:00:00:13:09',109,'10.2.109.254','2014-11-19 10:47:46','Y'),(2,'172.18.212.254','00:00:00:00:13:10',110,'10.2.110.254','2014-11-19 10:47:46','Y'),(2,'172.18.212.254','00:00:00:00:13:11',111,'10.2.111.254','2014-11-19 10:47:46','Y'),(2,'172.18.212.254','00:00:00:00:13:12',112,'10.2.112.254','2014-11-19 10:47:46','Y'),(2,'172.18.212.254','00:00:00:00:13:13',113,'10.2.113.254','2014-11-19 10:47:46','Y'),(2,'172.18.212.254','00:00:00:00:13:14',114,'10.2.114.254','2014-11-19 10:47:46','Y'),(2,'172.18.212.254','00:00:00:00:13:15',115,'10.2.115.254','2014-11-19 10:47:46','Y'),(2,'172.18.212.254','00:00:00:00:13:16',116,'10.2.116.254','2014-11-19 10:47:46','Y'),(2,'172.18.212.254','00:00:00:00:13:17',117,'10.2.117.254','2014-11-19 10:47:46','Y'),(2,'172.18.212.254','00:00:00:00:13:18',118,'10.2.118.254','2014-11-19 10:47:46','Y'),(2,'172.18.212.254','00:00:00:00:13:19',119,'10.2.119.254','2014-11-19 10:47:46','Y'),(2,'172.18.212.254','00:00:00:00:13:20',120,'10.2.120.254','2014-11-19 10:47:46','Y'),(2,'172.18.212.254','00:00:00:00:13:21',121,'10.2.121.254','2014-11-19 10:47:46','Y'),(2,'172.18.212.254','00:00:00:00:13:22',122,'10.2.122.254','2014-11-19 10:47:46','Y'),(2,'172.18.212.254','00:00:00:00:13:23',123,'10.2.123.254','2014-11-19 10:47:46','Y'),(2,'172.18.212.254','00:00:00:00:13:24',124,'10.2.124.254','2014-11-19 10:47:46','Y'),(2,'172.18.212.254','00:00:00:00:13:25',125,'10.2.125.254','2014-11-19 10:47:46','Y'),(2,'172.18.212.254','00:00:00:00:13:26',126,'10.2.126.254','2014-11-19 10:47:46','Y'),(2,'172.18.212.254','00:00:00:00:13:27',127,'10.2.127.254','2014-11-19 10:47:46','Y'),(2,'172.18.212.254','00:00:00:00:13:28',128,'10.2.128.254','2014-11-19 10:47:46','Y'),(2,'172.18.212.254','00:00:00:00:13:29',129,'10.2.129.254','2014-11-19 10:47:46','Y'),(2,'172.18.212.254','00:00:00:00:13:30',130,'10.2.130.254','2014-11-19 10:47:46','Y'),(2,'172.18.212.254','00:00:00:00:13:31',131,'10.2.131.254','2014-11-19 10:47:46','Y'),(2,'172.18.212.254','00:00:00:00:13:32',132,'10.2.132.254','2014-11-19 10:47:46','Y'),(2,'172.18.212.254','00:00:00:00:13:33',133,'10.2.133.254','2014-11-19 10:47:46','Y'),(2,'172.18.212.254','00:00:00:00:13:34',134,'10.2.134.254','2014-11-19 10:47:46','Y'),(2,'172.18.212.254','00:00:00:00:13:35',135,'10.2.135.254','2014-11-19 10:47:46','Y'),(2,'172.18.212.254','00:00:00:00:13:36',136,'10.2.136.254','2014-11-19 10:47:46','Y'),(2,'172.18.212.254','00:00:00:00:13:37',137,'10.2.137.254','2014-11-19 10:47:46','Y'),(2,'172.18.212.254','00:00:00:00:13:38',138,'10.2.138.254','2014-11-19 10:47:46','Y'),(2,'172.18.212.254','00:00:00:00:13:39',139,'10.2.139.254','2014-11-19 10:47:46','Y'),(2,'172.18.212.254','00:00:00:00:13:40',140,'10.2.140.254','2014-11-19 10:47:46','Y'),(2,'172.18.212.254','00:00:00:00:13:41',141,'10.2.141.254','2014-11-19 10:47:46','Y'),(2,'172.18.212.254','00:00:00:00:13:42',142,'10.2.142.254','2014-11-19 10:47:46','Y'),(2,'172.18.212.254','00:00:00:00:13:43',143,'10.2.143.254','2014-11-19 10:47:46','Y'),(2,'172.18.212.254','00:00:00:00:13:44',144,'10.2.144.254','2014-11-19 10:47:46','Y'),(2,'172.18.212.254','00:00:00:00:13:45',145,'10.2.145.254','2014-11-19 10:47:46','Y'),(2,'172.18.212.254','00:00:00:00:13:46',146,'10.2.146.254','2014-11-19 10:47:46','Y'),(2,'172.18.212.254','00:00:00:00:13:47',147,'10.2.147.254','2014-11-19 10:47:46','Y'),(2,'172.18.212.254','00:00:00:00:13:48',148,'10.2.148.254','2014-11-19 10:47:46','Y'),(2,'172.18.212.254','00:00:00:00:13:49',149,'10.2.149.254','2014-11-19 10:47:46','Y'),(2,'172.18.212.254','00:00:00:00:13:50',150,'10.2.150.254','2014-11-19 10:47:46','Y'),(2,'172.18.212.254','00:00:00:00:13:51',151,'10.2.151.254','2014-11-19 10:47:46','Y'),(2,'172.18.212.254','00:00:00:00:13:52',152,'10.2.152.254','2014-11-19 10:47:46','Y'),(2,'172.18.212.254','00:00:00:00:13:53',153,'10.2.153.254','2014-11-19 10:47:46','Y'),(2,'172.18.212.254','00:00:00:00:13:54',154,'10.2.154.254','2014-11-19 10:47:46','Y'),(2,'172.18.212.254','00:00:00:00:13:55',155,'10.2.155.254','2014-11-19 10:47:46','Y'),(2,'172.18.212.254','00:00:00:00:13:56',156,'10.2.156.254','2014-11-19 10:47:46','Y'),(2,'172.18.212.254','00:00:00:00:13:57',157,'10.2.157.254','2014-11-19 10:47:46','Y'),(2,'172.18.212.254','00:00:00:00:13:58',158,'10.2.158.254','2014-11-19 10:47:46','Y'),(2,'172.18.212.254','00:00:00:00:13:59',159,'10.2.159.254','2014-11-19 10:47:46','Y'),(2,'172.18.212.254','00:00:00:00:13:60',160,'10.2.160.254','2014-11-19 10:47:46','Y'),(2,'172.18.212.254','00:00:00:00:13:61',161,'10.2.161.254','2014-11-19 10:47:46','Y'),(2,'172.18.212.254','00:00:00:00:13:62',162,'10.2.162.254','2014-11-19 10:47:46','Y'),(2,'172.18.212.254','00:00:00:00:13:63',163,'10.2.163.254','2014-11-19 10:47:46','Y'),(2,'172.18.212.254','00:00:00:00:13:64',164,'10.2.164.254','2014-11-19 10:47:46','Y'),(2,'172.18.212.254','00:00:00:00:13:65',165,'10.2.165.254','2014-11-19 10:47:46','Y'),(2,'172.18.212.254','00:00:00:00:13:66',166,'10.2.166.254','2014-11-19 10:47:46','Y'),(2,'172.18.212.254','00:00:00:00:13:67',167,'10.2.167.254','2014-11-19 10:47:46','Y'),(2,'172.18.212.254','00:00:00:00:13:68',168,'10.2.168.254','2014-11-19 10:47:46','Y'),(2,'172.18.212.254','00:00:00:00:13:69',169,'10.2.169.254','2014-11-19 10:47:46','Y'),(2,'172.18.212.254','00:00:00:00:13:70',170,'10.2.170.254','2014-11-19 10:47:46','Y'),(2,'172.18.212.254','00:00:00:00:13:71',171,'10.2.171.254','2014-11-19 10:47:46','Y'),(2,'172.18.212.254','00:00:00:00:13:72',172,'10.2.172.254','2014-11-19 10:47:46','Y'),(2,'172.18.212.254','00:00:00:00:13:73',173,'10.2.173.254','2014-11-19 10:47:46','Y'),(2,'172.18.212.254','00:00:00:00:13:74',174,'10.2.174.254','2014-11-19 10:47:46','Y'),(2,'172.18.212.254','00:00:00:00:13:75',175,'10.2.175.254','2014-11-19 10:47:46','Y'),(2,'172.18.212.254','00:00:00:00:13:76',176,'10.2.176.254','2014-11-19 10:47:46','Y'),(2,'172.18.212.254','00:00:00:00:13:77',177,'10.2.177.254','2014-11-19 10:47:46','Y'),(2,'172.18.212.254','00:00:00:00:13:78',178,'10.2.178.254','2014-11-19 10:47:46','Y'),(2,'172.18.212.254','00:00:00:00:13:79',179,'10.2.179.254','2014-11-19 10:47:46','Y'),(2,'172.18.212.254','00:00:00:00:13:80',180,'10.2.180.254','2014-11-19 10:47:46','Y'),(2,'172.18.212.254','00:00:00:00:13:81',181,'10.2.181.254','2014-11-19 10:47:46','Y'),(2,'172.18.212.254','00:00:00:00:13:82',182,'10.2.182.254','2014-11-19 10:47:46','Y'),(2,'172.18.212.254','00:00:00:00:13:83',183,'10.2.183.254','2014-11-19 10:47:46','Y'),(2,'172.18.212.254','00:00:00:00:13:84',184,'10.2.184.254','2014-11-19 10:47:46','Y'),(2,'172.18.212.254','00:00:00:00:13:85',185,'10.2.185.254','2014-11-19 10:47:46','Y'),(2,'172.18.212.254','00:00:00:00:13:86',186,'10.2.186.254','2014-11-19 10:47:46','Y'),(2,'172.18.212.254','00:00:00:00:13:87',187,'10.2.187.254','2014-11-19 10:47:46','Y'),(2,'172.18.212.254','00:00:00:00:13:88',188,'10.2.188.254','2014-11-19 10:47:46','Y'),(2,'172.18.212.254','00:00:00:00:13:89',189,'10.2.189.254','2014-11-19 10:47:46','Y'),(2,'172.18.212.254','00:00:00:00:13:90',190,'10.2.190.254','2014-11-19 10:47:46','Y'),(2,'172.18.212.254','00:00:00:00:13:91',191,'10.2.191.254','2014-11-19 10:47:46','Y'),(2,'172.18.212.254','00:00:00:00:13:92',192,'10.2.192.254','2014-11-19 10:47:46','Y'),(2,'172.18.212.254','00:00:00:00:13:93',193,'10.2.193.254','2014-11-19 10:47:46','Y'),(2,'172.18.212.254','00:00:00:00:13:94',194,'10.2.194.254','2014-11-19 10:47:46','Y'),(2,'172.18.212.254','00:00:00:00:13:95',195,'10.2.195.254','2014-11-19 10:47:46','Y'),(2,'172.18.212.254','00:00:00:00:13:96',196,'10.2.196.254','2014-11-19 10:47:46','Y'),(2,'172.18.212.254','00:00:00:00:13:97',197,'10.2.197.254','2014-11-19 10:47:46','Y'),(2,'172.18.212.254','00:00:00:00:13:98',198,'10.2.198.254','2014-11-19 10:47:46','Y'),(2,'172.18.212.254','00:00:00:00:13:99',199,'10.2.199.254','2014-11-19 10:47:46','Y'),(2,'172.18.212.254','00:00:00:00:14:00',200,'10.2.200.254','2014-11-19 10:47:46','Y'),(3,'172.18.214.254','00:00:00:00:14:01',1,'10.4.1.254','2014-11-19 10:47:46','Y'),(3,'172.18.214.254','00:00:00:00:14:02',2,'10.4.2.254','2014-11-19 10:47:46','Y'),(3,'172.18.214.254','00:00:00:00:14:03',3,'10.4.3.254','2014-11-19 10:47:46','Y'),(3,'172.18.214.254','00:00:00:00:14:04',4,'10.4.4.254','2014-11-19 10:47:46','Y'),(3,'172.18.214.254','00:00:00:00:14:05',5,'10.4.5.254','2014-11-19 10:47:46','Y'),(3,'172.18.214.254','00:00:00:00:14:06',6,'10.4.6.254','2014-11-19 10:47:46','Y'),(3,'172.18.214.254','00:00:00:00:14:07',7,'10.4.7.254','2014-11-19 10:47:46','Y'),(3,'172.18.214.254','00:00:00:00:14:08',8,'10.4.8.254','2014-11-19 10:47:46','Y'),(3,'172.18.214.254','00:00:00:00:14:09',9,'10.4.9.254','2014-11-19 10:47:46','Y'),(3,'172.18.214.254','00:00:00:00:14:10',10,'10.4.10.254','2014-11-19 10:47:46','Y'),(3,'172.18.214.254','00:00:00:00:14:11',11,'10.4.11.254','2014-11-19 10:47:46','Y'),(3,'172.18.214.254','00:00:00:00:14:12',12,'10.4.12.254','2014-11-19 10:47:46','Y'),(3,'172.18.214.254','00:00:00:00:14:13',13,'10.4.13.254','2014-11-19 10:47:46','Y'),(3,'172.18.214.254','00:00:00:00:14:14',14,'10.4.14.254','2014-11-19 10:47:46','Y'),(3,'172.18.214.254','00:00:00:00:14:15',15,'10.4.15.254','2014-11-19 10:47:46','Y'),(3,'172.18.214.254','00:00:00:00:14:16',16,'10.4.16.254','2014-11-19 10:47:46','Y'),(3,'172.18.214.254','00:00:00:00:14:17',17,'10.4.17.254','2014-11-19 10:47:46','Y'),(3,'172.18.214.254','00:00:00:00:14:18',18,'10.4.18.254','2014-11-19 10:47:46','Y'),(3,'172.18.214.254','00:00:00:00:14:19',19,'10.4.19.254','2014-11-19 10:47:46','Y'),(3,'172.18.214.254','00:00:00:00:14:20',20,'10.4.20.254','2014-11-19 10:47:46','Y'),(3,'172.18.214.254','00:00:00:00:14:21',21,'10.4.21.254','2014-11-19 10:47:46','Y'),(3,'172.18.214.254','00:00:00:00:14:22',22,'10.4.22.254','2014-11-19 10:47:46','Y'),(3,'172.18.214.254','00:00:00:00:14:23',23,'10.4.23.254','2014-11-19 10:47:46','Y'),(3,'172.18.214.254','00:00:00:00:14:24',24,'10.4.24.254','2014-11-19 10:47:46','Y'),(3,'172.18.214.254','00:00:00:00:14:25',25,'10.4.25.254','2014-11-19 10:47:46','Y'),(3,'172.18.214.254','00:00:00:00:14:26',26,'10.4.26.254','2014-11-19 10:47:46','Y'),(3,'172.18.214.254','00:00:00:00:14:27',27,'10.4.27.254','2014-11-19 10:47:46','Y'),(3,'172.18.214.254','00:00:00:00:14:28',28,'10.4.28.254','2014-11-19 10:47:46','Y'),(3,'172.18.214.254','00:00:00:00:14:29',29,'10.4.29.254','2014-11-19 10:47:46','Y'),(3,'172.18.214.254','00:00:00:00:14:30',30,'10.4.30.254','2014-11-19 10:47:46','Y'),(3,'172.18.214.254','00:00:00:00:14:31',31,'10.4.31.254','2014-11-19 10:47:46','Y'),(3,'172.18.214.254','00:00:00:00:14:32',32,'10.4.32.254','2014-11-19 10:47:46','Y'),(3,'172.18.214.254','00:00:00:00:14:33',33,'10.4.33.254','2014-11-19 10:47:47','Y'),(3,'172.18.214.254','00:00:00:00:14:34',34,'10.4.34.254','2014-11-19 10:47:47','Y'),(3,'172.18.214.254','00:00:00:00:14:35',35,'10.4.35.254','2014-11-19 10:47:47','Y'),(3,'172.18.214.254','00:00:00:00:14:36',36,'10.4.36.254','2014-11-19 10:47:47','Y'),(3,'172.18.214.254','00:00:00:00:14:37',37,'10.4.37.254','2014-11-19 10:47:47','Y'),(3,'172.18.214.254','00:00:00:00:14:38',38,'10.4.38.254','2014-11-19 10:47:47','Y'),(3,'172.18.214.254','00:00:00:00:14:39',39,'10.4.39.254','2014-11-19 10:47:47','Y'),(3,'172.18.214.254','00:00:00:00:14:40',40,'10.4.40.254','2014-11-19 10:47:47','Y'),(3,'172.18.214.254','00:00:00:00:14:41',41,'10.4.41.254','2014-11-19 10:47:47','Y'),(3,'172.18.214.254','00:00:00:00:14:42',42,'10.4.42.254','2014-11-19 10:47:47','Y'),(3,'172.18.214.254','00:00:00:00:14:43',43,'10.4.43.254','2014-11-19 10:47:47','Y'),(3,'172.18.214.254','00:00:00:00:14:44',44,'10.4.44.254','2014-11-19 10:47:47','Y'),(3,'172.18.214.254','00:00:00:00:14:45',45,'10.4.45.254','2014-11-19 10:47:47','Y'),(3,'172.18.214.254','00:00:00:00:14:46',46,'10.4.46.254','2014-11-19 10:47:47','Y'),(3,'172.18.214.254','00:00:00:00:14:47',47,'10.4.47.254','2014-11-19 10:47:47','Y'),(3,'172.18.214.254','00:00:00:00:14:48',48,'10.4.48.254','2014-11-19 10:47:47','Y'),(3,'172.18.214.254','00:00:00:00:14:49',49,'10.4.49.254','2014-11-19 10:47:47','Y'),(3,'172.18.214.254','00:00:00:00:14:50',50,'10.4.50.254','2014-11-19 10:47:47','Y'),(3,'172.18.214.254','00:00:00:00:14:51',51,'10.4.51.254','2014-11-19 10:47:47','Y'),(3,'172.18.214.254','00:00:00:00:14:52',52,'10.4.52.254','2014-11-19 10:47:47','Y'),(3,'172.18.214.254','00:00:00:00:14:53',53,'10.4.53.254','2014-11-19 10:47:47','Y'),(3,'172.18.214.254','00:00:00:00:14:54',54,'10.4.54.254','2014-11-19 10:47:47','Y'),(3,'172.18.214.254','00:00:00:00:14:55',55,'10.4.55.254','2014-11-19 10:47:47','Y'),(3,'172.18.214.254','00:00:00:00:14:56',56,'10.4.56.254','2014-11-19 10:47:47','Y'),(3,'172.18.214.254','00:00:00:00:14:57',57,'10.4.57.254','2014-11-19 10:47:47','Y'),(3,'172.18.214.254','00:00:00:00:14:58',58,'10.4.58.254','2014-11-19 10:47:47','Y'),(3,'172.18.214.254','00:00:00:00:14:59',59,'10.4.59.254','2014-11-19 10:47:47','Y'),(3,'172.18.214.254','00:00:00:00:14:60',60,'10.4.60.254','2014-11-19 10:47:47','Y'),(3,'172.18.214.254','00:00:00:00:14:61',61,'10.4.61.254','2014-11-19 10:47:47','Y'),(3,'172.18.214.254','00:00:00:00:14:62',62,'10.4.62.254','2014-11-19 10:47:47','Y'),(3,'172.18.214.254','00:00:00:00:14:63',63,'10.4.63.254','2014-11-19 10:47:47','Y'),(3,'172.18.214.254','00:00:00:00:14:64',64,'10.4.64.254','2014-11-19 10:47:47','Y'),(3,'172.18.214.254','00:00:00:00:14:65',65,'10.4.65.254','2014-11-19 10:47:47','Y'),(3,'172.18.214.254','00:00:00:00:14:66',66,'10.4.66.254','2014-11-19 10:47:47','Y'),(3,'172.18.214.254','00:00:00:00:14:67',67,'10.4.67.254','2014-11-19 10:47:47','Y'),(3,'172.18.214.254','00:00:00:00:14:68',68,'10.4.68.254','2014-11-19 10:47:47','Y'),(3,'172.18.214.254','00:00:00:00:14:69',69,'10.4.69.254','2014-11-19 10:47:47','Y'),(3,'172.18.214.254','00:00:00:00:14:70',70,'10.4.70.254','2014-11-19 10:47:47','Y'),(3,'172.18.214.254','00:00:00:00:14:71',71,'10.4.71.254','2014-11-19 10:47:47','Y'),(3,'172.18.214.254','00:00:00:00:14:72',72,'10.4.72.254','2014-11-19 10:47:47','Y'),(3,'172.18.214.254','00:00:00:00:14:73',73,'10.4.73.254','2014-11-19 10:47:47','Y'),(3,'172.18.214.254','00:00:00:00:14:74',74,'10.4.74.254','2014-11-19 10:47:47','Y'),(3,'172.18.214.254','00:00:00:00:14:75',75,'10.4.75.254','2014-11-19 10:47:47','Y'),(3,'172.18.214.254','00:00:00:00:14:76',76,'10.4.76.254','2014-11-19 10:47:47','Y'),(3,'172.18.214.254','00:00:00:00:14:80',80,'10.4.80.254','2014-11-19 10:47:47','Y'),(3,'172.18.214.254','00:00:00:00:14:81',81,'10.4.81.254','2014-11-19 10:47:47','Y'),(3,'172.18.214.254','00:00:00:00:14:82',82,'10.4.82.254','2014-11-19 10:47:47','Y'),(3,'172.18.214.254','00:00:00:00:14:83',83,'10.4.83.254','2014-11-19 10:47:47','Y'),(3,'172.18.214.254','00:00:00:00:14:84',84,'10.4.84.254','2014-11-19 10:47:47','Y'),(3,'172.18.214.254','00:00:00:00:14:85',85,'10.4.85.254','2014-11-19 10:47:47','Y'),(3,'172.18.214.254','00:00:00:00:14:86',86,'10.4.86.254','2014-11-19 10:47:47','Y'),(3,'172.18.214.254','00:00:00:00:14:87',87,'10.4.87.254','2014-11-19 10:47:47','Y'),(3,'172.18.214.254','00:00:00:00:14:88',88,'10.4.88.254','2014-11-19 10:47:47','Y'),(3,'172.18.214.254','00:00:00:00:14:89',89,'10.4.89.254','2014-11-19 10:47:47','Y'),(3,'172.18.214.254','00:00:00:00:14:90',90,'10.4.90.254','2014-11-19 10:47:47','Y'),(3,'172.18.214.254','00:00:00:00:14:91',91,'10.4.91.254','2014-11-19 10:47:47','Y'),(3,'172.18.214.254','00:00:00:00:14:92',92,'10.4.92.254','2014-11-19 10:47:47','Y'),(3,'172.18.214.254','00:00:00:00:14:93',93,'10.4.93.254','2014-11-19 10:47:47','Y'),(3,'172.18.214.254','00:00:00:00:14:94',94,'10.4.94.254','2014-11-19 10:47:47','Y'),(3,'172.18.214.254','00:00:00:00:14:95',95,'10.4.95.254','2014-11-19 10:47:47','Y'),(3,'172.18.214.254','00:00:00:00:14:96',96,'10.4.96.254','2014-11-19 10:47:47','Y'),(3,'172.18.214.254','00:00:00:00:14:97',97,'10.4.97.254','2014-11-19 10:47:47','Y'),(3,'172.18.214.254','00:00:00:00:14:98',98,'10.4.98.254','2014-11-19 10:47:47','Y'),(3,'172.18.214.254','00:00:00:00:14:99',99,'10.4.99.254','2014-11-19 10:47:47','Y'),(3,'172.18.214.254','00:00:00:00:15:00',100,'10.4.100.254','2014-11-19 10:47:47','Y'),(3,'172.18.214.254','00:00:00:00:15:01',101,'10.4.101.254','2014-11-19 10:47:47','Y'),(3,'172.18.214.254','00:00:00:00:15:02',102,'10.4.102.254','2014-11-19 10:47:47','Y'),(3,'172.18.214.254','00:00:00:00:15:03',103,'10.4.103.254','2014-11-19 10:47:47','Y'),(3,'172.18.214.254','00:00:00:00:15:04',104,'10.4.104.254','2014-11-19 10:47:47','Y'),(3,'172.18.214.254','00:00:00:00:15:05',105,'10.4.105.254','2014-11-19 10:47:47','Y'),(3,'172.18.214.254','00:00:00:00:15:06',106,'10.4.106.254','2014-11-19 10:47:47','Y'),(3,'172.18.214.254','00:00:00:00:15:07',107,'10.4.107.254','2014-11-19 10:47:47','Y'),(3,'172.18.214.254','00:00:00:00:15:08',108,'10.4.108.254','2014-11-19 10:47:47','Y'),(3,'172.18.214.254','00:00:00:00:15:09',109,'10.4.109.254','2014-11-19 10:47:47','Y'),(3,'172.18.214.254','00:00:00:00:15:10',110,'10.4.110.254','2014-11-19 10:47:47','Y'),(3,'172.18.214.254','00:00:00:00:15:11',111,'10.4.111.254','2014-11-19 10:47:47','Y'),(3,'172.18.214.254','00:00:00:00:15:12',112,'10.4.112.254','2014-11-19 10:47:47','Y'),(3,'172.18.214.254','00:00:00:00:15:13',113,'10.4.113.254','2014-11-19 10:47:47','Y'),(3,'172.18.214.254','00:00:00:00:15:14',114,'10.4.114.254','2014-11-19 10:47:47','Y'),(3,'172.18.214.254','00:00:00:00:15:15',115,'10.4.115.254','2014-11-19 10:47:47','Y'),(3,'172.18.214.254','00:00:00:00:15:16',116,'10.4.116.254','2014-11-19 10:47:47','Y'),(3,'172.18.214.254','00:00:00:00:15:17',117,'10.4.117.254','2014-11-19 10:47:47','Y'),(3,'172.18.214.254','00:00:00:00:15:18',118,'10.4.118.254','2014-11-19 10:47:47','Y'),(3,'172.18.214.254','00:00:00:00:15:19',119,'10.4.119.254','2014-11-19 10:47:47','Y'),(3,'172.18.214.254','00:00:00:00:15:20',120,'10.4.120.254','2014-11-19 10:47:47','Y'),(3,'172.18.214.254','00:00:00:00:15:21',121,'10.4.121.254','2014-11-19 10:47:47','Y'),(3,'172.18.214.254','00:00:00:00:15:22',122,'10.4.122.254','2014-11-19 10:47:47','Y'),(3,'172.18.214.254','00:00:00:00:15:23',123,'10.4.123.254','2014-11-19 10:47:47','Y'),(3,'172.18.214.254','00:00:00:00:15:24',124,'10.4.124.254','2014-11-19 10:47:47','Y'),(3,'172.18.214.254','00:00:00:00:15:25',125,'10.4.125.254','2014-11-19 10:47:47','Y'),(3,'172.18.214.254','00:00:00:00:15:26',126,'10.4.126.254','2014-11-19 10:47:47','Y'),(3,'172.18.214.254','00:00:00:00:15:27',127,'10.4.127.254','2014-11-19 10:47:47','Y'),(3,'172.18.214.254','00:00:00:00:15:28',128,'10.4.128.254','2014-11-19 10:47:47','Y'),(3,'172.18.214.254','00:00:00:00:15:29',129,'10.4.129.254','2014-11-19 10:47:47','Y'),(3,'172.18.214.254','00:00:00:00:15:30',130,'10.4.130.254','2014-11-19 10:47:47','Y'),(3,'172.18.214.254','00:00:00:00:15:31',131,'10.4.131.254','2014-11-19 10:47:47','Y'),(3,'172.18.214.254','00:00:00:00:15:32',132,'10.4.132.254','2014-11-19 10:47:47','Y'),(3,'172.18.214.254','00:00:00:00:15:33',133,'10.4.133.254','2014-11-19 10:47:47','Y'),(3,'172.18.214.254','00:00:00:00:15:34',134,'10.4.134.254','2014-11-19 10:47:47','Y'),(3,'172.18.214.254','00:00:00:00:15:35',135,'10.4.135.254','2014-11-19 10:47:47','Y'),(3,'172.18.214.254','00:00:00:00:15:36',136,'10.4.136.254','2014-11-19 10:47:47','Y'),(3,'172.18.214.254','00:00:00:00:15:37',137,'10.4.137.254','2014-11-19 10:47:47','Y'),(3,'172.18.214.254','00:00:00:00:15:38',138,'10.4.138.254','2014-11-19 10:47:47','Y'),(3,'172.18.214.254','00:00:00:00:15:39',139,'10.4.139.254','2014-11-19 10:47:47','Y'),(3,'172.18.214.254','00:00:00:00:15:40',140,'10.4.140.254','2014-11-19 10:47:47','Y'),(3,'172.18.214.254','00:00:00:00:15:41',141,'10.4.141.254','2014-11-19 10:47:47','Y'),(3,'172.18.214.254','00:00:00:00:15:42',142,'10.4.142.254','2014-11-19 10:47:47','Y'),(3,'172.18.214.254','00:00:00:00:15:43',143,'10.4.143.254','2014-11-19 10:47:47','Y'),(3,'172.18.214.254','00:00:00:00:15:44',144,'10.4.144.254','2014-11-19 10:47:47','Y'),(3,'172.18.214.254','00:00:00:00:15:45',145,'10.4.145.254','2014-11-19 10:47:47','Y'),(3,'172.18.214.254','00:00:00:00:15:46',146,'10.4.146.254','2014-11-19 10:47:47','Y'),(3,'172.18.214.254','00:00:00:00:15:47',147,'10.4.147.254','2014-11-19 10:47:47','Y'),(3,'172.18.214.254','00:00:00:00:15:48',148,'10.4.148.254','2014-11-19 10:47:47','Y'),(3,'172.18.214.254','00:00:00:00:15:49',149,'10.4.149.254','2014-11-19 10:47:47','Y'),(3,'172.18.214.254','00:00:00:00:15:50',150,'10.4.150.254','2014-11-19 10:47:47','Y'),(3,'172.18.214.254','00:00:00:00:15:51',151,'10.4.151.254','2014-11-19 10:47:47','Y'),(3,'172.18.214.254','00:00:00:00:15:52',152,'10.4.152.254','2014-11-19 10:47:47','Y'),(3,'172.18.214.254','00:00:00:00:15:53',153,'10.4.153.254','2014-11-19 10:47:47','Y'),(3,'172.18.214.254','00:00:00:00:15:54',154,'10.4.154.254','2014-11-19 10:47:47','Y'),(3,'172.18.214.254','00:00:00:00:15:55',155,'10.4.155.254','2014-11-19 10:47:47','Y'),(3,'172.18.214.254','00:00:00:00:15:56',156,'10.4.156.254','2014-11-19 10:47:47','Y'),(3,'172.18.214.254','00:00:00:00:15:57',157,'10.4.157.254','2014-11-19 10:47:47','Y'),(3,'172.18.214.254','00:00:00:00:15:58',158,'10.4.158.254','2014-11-19 10:47:47','Y'),(3,'172.18.214.254','00:00:00:00:15:59',159,'10.4.159.254','2014-11-19 10:47:47','Y'),(3,'172.18.214.254','00:00:00:00:15:60',160,'10.4.160.254','2014-11-19 10:47:47','Y'),(3,'172.18.214.254','00:00:00:00:15:61',161,'10.4.161.254','2014-11-19 10:47:47','Y'),(3,'172.18.214.254','00:00:00:00:15:62',162,'10.4.162.254','2014-11-19 10:47:47','Y'),(3,'172.18.214.254','00:00:00:00:15:63',163,'10.4.163.254','2014-11-19 10:47:47','Y'),(3,'172.18.214.254','00:00:00:00:15:64',164,'10.4.164.254','2014-11-19 10:47:47','Y'),(3,'172.18.214.254','00:00:00:00:15:65',165,'10.4.165.254','2014-11-19 10:47:47','Y'),(3,'172.18.214.254','00:00:00:00:15:66',166,'10.4.166.254','2014-11-19 10:47:47','Y'),(3,'172.18.214.254','00:00:00:00:15:67',167,'10.4.167.254','2014-11-19 10:47:47','Y'),(3,'172.18.214.254','00:00:00:00:15:68',168,'10.4.168.254','2014-11-19 10:47:47','Y'),(3,'172.18.214.254','00:00:00:00:15:69',169,'10.4.169.254','2014-11-19 10:47:47','Y'),(3,'172.18.214.254','00:00:00:00:15:70',170,'10.4.170.254','2014-11-19 10:47:47','Y'),(3,'172.18.214.254','00:00:00:00:15:71',171,'10.4.171.254','2014-11-19 10:47:47','Y'),(3,'172.18.214.254','00:00:00:00:15:72',172,'10.4.172.254','2014-11-19 10:47:47','Y'),(3,'172.18.214.254','00:00:00:00:15:73',173,'10.4.173.254','2014-11-19 10:47:47','Y'),(3,'172.18.214.254','00:00:00:00:15:74',174,'10.4.174.254','2014-11-19 10:47:47','Y'),(3,'172.18.214.254','00:00:00:00:15:75',175,'10.4.175.254','2014-11-19 10:47:47','Y'),(3,'172.18.214.254','00:00:00:00:15:76',176,'10.4.176.254','2014-11-19 10:47:47','Y'),(3,'172.18.214.254','00:00:00:00:15:77',177,'10.4.177.254','2014-11-19 10:47:47','Y'),(3,'172.18.214.254','00:00:00:00:15:78',178,'10.4.178.254','2014-11-19 10:47:47','Y'),(3,'172.18.214.254','00:00:00:00:15:79',179,'10.4.179.254','2014-11-19 10:47:47','Y'),(3,'172.18.214.254','00:00:00:00:15:80',180,'10.4.180.254','2014-11-19 10:47:47','Y'),(3,'172.18.214.254','00:00:00:00:15:81',181,'10.4.181.254','2014-11-19 10:47:47','Y'),(3,'172.18.214.254','00:00:00:00:15:82',182,'10.4.182.254','2014-11-19 10:47:47','Y'),(3,'172.18.214.254','00:00:00:00:15:83',183,'10.4.183.254','2014-11-19 10:47:47','Y'),(3,'172.18.214.254','00:00:00:00:15:84',184,'10.4.184.254','2014-11-19 10:47:47','Y'),(3,'172.18.214.254','00:00:00:00:15:85',185,'10.4.185.254','2014-11-19 10:47:47','Y'),(3,'172.18.214.254','00:00:00:00:15:86',186,'10.4.186.254','2014-11-19 10:47:47','Y'),(3,'172.18.214.254','00:00:00:00:15:87',187,'10.4.187.254','2014-11-19 10:47:47','Y'),(3,'172.18.214.254','00:00:00:00:15:88',188,'10.4.188.254','2014-11-19 10:47:47','Y'),(3,'172.18.214.254','00:00:00:00:15:89',189,'10.4.189.254','2014-11-19 10:47:47','Y'),(3,'172.18.214.254','00:00:00:00:15:90',190,'10.4.190.254','2014-11-19 10:47:47','Y'),(3,'172.18.214.254','00:00:00:00:15:91',191,'10.4.191.254','2014-11-19 10:47:47','Y'),(3,'172.18.214.254','00:00:00:00:15:92',192,'10.4.192.254','2014-11-19 10:47:47','Y'),(3,'172.18.214.254','00:00:00:00:15:93',193,'10.4.193.254','2014-11-19 10:47:47','Y'),(3,'172.18.214.254','00:00:00:00:15:94',194,'10.4.194.254','2014-11-19 10:47:47','Y'),(3,'172.18.214.254','00:00:00:00:15:95',195,'10.4.195.254','2014-11-19 10:47:47','Y'),(3,'172.18.214.254','00:00:00:00:15:96',196,'10.4.196.254','2014-11-19 10:47:47','Y'),(3,'172.18.214.254','00:00:00:00:15:97',197,'10.4.197.254','2014-11-19 10:47:47','Y'),(3,'172.18.214.254','00:00:00:00:15:98',198,'10.4.198.254','2014-11-19 10:47:47','Y'),(3,'172.18.214.254','00:00:00:00:15:99',199,'10.4.199.254','2014-11-19 10:47:47','Y'),(3,'172.18.214.254','00:00:00:00:16:00',200,'10.4.200.254','2014-11-19 10:47:47','Y'),(4,'172.18.216.254','00:00:00:00:16:01',1,'10.6.1.254','2014-11-19 10:47:47','Y'),(4,'172.18.216.254','00:00:00:00:16:02',2,'10.6.2.254','2014-11-19 10:47:47','Y'),(4,'172.18.216.254','00:00:00:00:16:03',3,'10.6.3.254','2014-11-19 10:47:47','Y'),(4,'172.18.216.254','00:00:00:00:16:04',4,'10.6.4.254','2014-11-19 10:47:47','Y'),(4,'172.18.216.254','00:00:00:00:16:05',5,'10.6.5.254','2014-11-19 10:47:47','Y'),(4,'172.18.216.254','00:00:00:00:16:06',6,'10.6.6.254','2014-11-19 10:47:47','Y'),(4,'172.18.216.254','00:00:00:00:16:07',7,'10.6.7.254','2014-11-19 10:47:47','Y'),(4,'172.18.216.254','00:00:00:00:16:08',8,'10.6.8.254','2014-11-19 10:47:47','Y'),(4,'172.18.216.254','00:00:00:00:16:09',9,'10.6.9.254','2014-11-19 10:47:47','Y'),(4,'172.18.216.254','00:00:00:00:16:10',10,'10.6.10.254','2014-11-19 10:47:47','Y'),(4,'172.18.216.254','00:00:00:00:16:11',11,'10.6.11.254','2014-11-19 10:47:47','Y'),(4,'172.18.216.254','00:00:00:00:16:12',12,'10.6.12.254','2014-11-19 10:47:47','Y'),(4,'172.18.216.254','00:00:00:00:16:13',13,'10.6.13.254','2014-11-19 10:47:47','Y'),(4,'172.18.216.254','00:00:00:00:16:14',14,'10.6.14.254','2014-11-19 10:47:47','Y'),(4,'172.18.216.254','00:00:00:00:16:15',15,'10.6.15.254','2014-11-19 10:47:47','Y'),(4,'172.18.216.254','00:00:00:00:16:16',16,'10.6.16.254','2014-11-19 10:47:47','Y'),(4,'172.18.216.254','00:00:00:00:16:17',17,'10.6.17.254','2014-11-19 10:47:47','Y'),(4,'172.18.216.254','00:00:00:00:16:18',18,'10.6.18.254','2014-11-19 10:47:47','Y'),(4,'172.18.216.254','00:00:00:00:16:19',19,'10.6.19.254','2014-11-19 10:47:47','Y'),(4,'172.18.216.254','00:00:00:00:16:20',20,'10.6.20.254','2014-11-19 10:47:47','Y'),(4,'172.18.216.254','00:00:00:00:16:21',21,'10.6.21.254','2014-11-19 10:47:47','Y'),(4,'172.18.216.254','00:00:00:00:16:22',22,'10.6.22.254','2014-11-19 10:47:47','Y'),(4,'172.18.216.254','00:00:00:00:16:23',23,'10.6.23.254','2014-11-19 10:47:47','Y'),(4,'172.18.216.254','00:00:00:00:16:24',24,'10.6.24.254','2014-11-19 10:47:47','Y'),(4,'172.18.216.254','00:00:00:00:16:25',25,'10.6.25.254','2014-11-19 10:47:47','Y'),(4,'172.18.216.254','00:00:00:00:16:26',26,'10.6.26.254','2014-11-19 10:47:47','Y'),(4,'172.18.216.254','00:00:00:00:16:27',27,'10.6.27.254','2014-11-19 10:47:47','Y'),(4,'172.18.216.254','00:00:00:00:16:28',28,'10.6.28.254','2014-11-19 10:47:47','Y'),(4,'172.18.216.254','00:00:00:00:16:29',29,'10.6.29.254','2014-11-19 10:47:47','Y'),(4,'172.18.216.254','00:00:00:00:16:30',30,'10.6.30.254','2014-11-19 10:47:47','Y'),(4,'172.18.216.254','00:00:00:00:16:31',31,'10.6.31.254','2014-11-19 10:47:47','Y'),(4,'172.18.216.254','00:00:00:00:16:32',32,'10.6.32.254','2014-11-19 10:47:47','Y'),(4,'172.18.216.254','00:00:00:00:16:33',33,'10.6.33.254','2014-11-19 10:47:47','Y'),(4,'172.18.216.254','00:00:00:00:16:34',34,'10.6.34.254','2014-11-19 10:47:47','Y'),(4,'172.18.216.254','00:00:00:00:16:35',35,'10.6.35.254','2014-11-19 10:47:47','Y'),(4,'172.18.216.254','00:00:00:00:16:36',36,'10.6.36.254','2014-11-19 10:47:47','Y'),(4,'172.18.216.254','00:00:00:00:16:37',37,'10.6.37.254','2014-11-19 10:47:47','Y'),(4,'172.18.216.254','00:00:00:00:16:38',38,'10.6.38.254','2014-11-19 10:47:47','Y'),(4,'172.18.216.254','00:00:00:00:16:39',39,'10.6.39.254','2014-11-19 10:47:47','Y'),(4,'172.18.216.254','00:00:00:00:16:40',40,'10.6.40.254','2014-11-19 10:47:47','Y'),(4,'172.18.216.254','00:00:00:00:16:41',41,'10.6.41.254','2014-11-19 10:47:47','Y'),(4,'172.18.216.254','00:00:00:00:16:42',42,'10.6.42.254','2014-11-19 10:47:47','Y'),(4,'172.18.216.254','00:00:00:00:16:43',43,'10.6.43.254','2014-11-19 10:47:47','Y'),(4,'172.18.216.254','00:00:00:00:16:44',44,'10.6.44.254','2014-11-19 10:47:47','Y'),(4,'172.18.216.254','00:00:00:00:16:45',45,'10.6.45.254','2014-11-19 10:47:47','Y'),(4,'172.18.216.254','00:00:00:00:16:46',46,'10.6.46.254','2014-11-19 10:47:47','Y'),(4,'172.18.216.254','00:00:00:00:16:47',47,'10.6.47.254','2014-11-19 10:47:47','Y'),(4,'172.18.216.254','00:00:00:00:16:48',48,'10.6.48.254','2014-11-19 10:47:47','Y'),(4,'172.18.216.254','00:00:00:00:16:49',49,'10.6.49.254','2014-11-19 10:47:47','Y'),(4,'172.18.216.254','00:00:00:00:16:50',50,'10.6.50.254','2014-11-19 10:47:47','Y'),(4,'172.18.216.254','00:00:00:00:16:51',51,'10.6.51.254','2014-11-19 10:47:47','Y'),(4,'172.18.216.254','00:00:00:00:16:52',52,'10.6.52.254','2014-11-19 10:47:47','Y'),(4,'172.18.216.254','00:00:00:00:16:53',53,'10.6.53.254','2014-11-19 10:47:47','Y'),(4,'172.18.216.254','00:00:00:00:16:54',54,'10.6.54.254','2014-11-19 10:47:47','Y'),(4,'172.18.216.254','00:00:00:00:16:55',55,'10.6.55.254','2014-11-19 10:47:47','Y'),(4,'172.18.216.254','00:00:00:00:16:56',56,'10.6.56.254','2014-11-19 10:47:47','Y'),(4,'172.18.216.254','00:00:00:00:16:57',57,'10.6.57.254','2014-11-19 10:47:47','Y'),(4,'172.18.216.254','00:00:00:00:16:58',58,'10.6.58.254','2014-11-19 10:47:47','Y'),(4,'172.18.216.254','00:00:00:00:16:59',59,'10.6.59.254','2014-11-19 10:47:47','Y'),(4,'172.18.216.254','00:00:00:00:16:60',60,'10.6.60.254','2014-11-19 10:47:47','Y'),(4,'172.18.216.254','00:00:00:00:16:61',61,'10.6.61.254','2014-11-19 10:47:47','Y'),(4,'172.18.216.254','00:00:00:00:16:62',62,'10.6.62.254','2014-11-19 10:47:47','Y'),(4,'172.18.216.254','00:00:00:00:16:63',63,'10.6.63.254','2014-11-19 10:47:47','Y'),(4,'172.18.216.254','00:00:00:00:16:64',64,'10.6.64.254','2014-11-19 10:47:47','Y'),(4,'172.18.216.254','00:00:00:00:16:65',65,'10.6.65.254','2014-11-19 10:47:47','Y'),(4,'172.18.216.254','00:00:00:00:16:66',66,'10.6.66.254','2014-11-19 10:47:47','Y'),(4,'172.18.216.254','00:00:00:00:16:67',67,'10.6.67.254','2014-11-19 10:47:47','Y'),(4,'172.18.216.254','00:00:00:00:16:68',68,'10.6.68.254','2014-11-19 10:47:47','Y'),(4,'172.18.216.254','00:00:00:00:16:69',69,'10.6.69.254','2014-11-19 10:47:47','Y'),(4,'172.18.216.254','00:00:00:00:16:70',70,'10.6.70.254','2014-11-19 10:47:47','Y'),(4,'172.18.216.254','00:00:00:00:16:71',71,'10.6.71.254','2014-11-19 10:47:47','Y'),(4,'172.18.216.254','00:00:00:00:16:72',72,'10.6.72.254','2014-11-19 10:47:48','Y'),(4,'172.18.216.254','00:00:00:00:16:73',73,'10.6.73.254','2014-11-19 10:47:48','Y'),(4,'172.18.216.254','00:00:00:00:16:74',74,'10.6.74.254','2014-11-19 10:47:48','Y'),(4,'172.18.216.254','00:00:00:00:16:75',75,'10.6.75.254','2014-11-19 10:47:48','Y'),(4,'172.18.216.254','00:00:00:00:16:76',76,'10.6.76.254','2014-11-19 10:47:48','Y'),(4,'172.18.216.254','00:00:00:00:16:77',77,'10.6.77.254','2014-11-19 10:47:48','Y'),(4,'172.18.216.254','00:00:00:00:16:78',78,'10.6.78.254','2014-11-19 10:47:48','Y'),(4,'172.18.216.254','00:00:00:00:16:79',79,'10.6.79.254','2014-11-19 10:47:48','Y'),(4,'172.18.216.254','00:00:00:00:16:80',80,'10.6.80.254','2014-11-19 10:47:48','Y'),(4,'172.18.216.254','00:00:00:00:16:81',81,'10.6.81.254','2014-11-19 10:47:48','Y'),(4,'172.18.216.254','00:00:00:00:16:82',82,'10.6.82.254','2014-11-19 10:47:48','Y'),(4,'172.18.216.254','00:00:00:00:16:83',83,'10.6.83.254','2014-11-19 10:47:48','Y'),(4,'172.18.216.254','00:00:00:00:16:84',84,'10.6.84.254','2014-11-19 10:47:48','Y'),(4,'172.18.216.254','00:00:00:00:16:85',85,'10.6.85.254','2014-11-19 10:47:48','Y'),(4,'172.18.216.254','00:00:00:00:16:86',86,'10.6.86.254','2014-11-19 10:47:48','Y'),(4,'172.18.216.254','00:00:00:00:16:87',87,'10.6.87.254','2014-11-19 10:47:48','Y'),(4,'172.18.216.254','00:00:00:00:16:88',88,'10.6.88.254','2014-11-19 10:47:48','Y'),(4,'172.18.216.254','00:00:00:00:16:89',89,'10.6.89.254','2014-11-19 10:47:48','Y'),(4,'172.18.216.254','00:00:00:00:16:90',90,'10.6.90.254','2014-11-19 10:47:48','Y'),(4,'172.18.216.254','00:00:00:00:16:91',91,'10.6.91.254','2014-11-19 10:47:48','Y'),(4,'172.18.216.254','00:00:00:00:16:92',92,'10.6.92.254','2014-11-19 10:47:48','Y'),(4,'172.18.216.254','00:00:00:00:16:93',93,'10.6.93.254','2014-11-19 10:47:48','Y'),(4,'172.18.216.254','00:00:00:00:16:94',94,'10.6.94.254','2014-11-19 10:47:48','Y'),(4,'172.18.216.254','00:00:00:00:16:95',95,'10.6.95.254','2014-11-19 10:47:48','Y'),(4,'172.18.216.254','00:00:00:00:16:96',96,'10.6.96.254','2014-11-19 10:47:48','Y'),(4,'172.18.216.254','00:00:00:00:16:97',97,'10.6.97.254','2014-11-19 10:47:48','Y'),(4,'172.18.216.254','00:00:00:00:16:98',98,'10.6.98.254','2014-11-19 10:47:48','Y'),(4,'172.18.216.254','00:00:00:00:16:99',99,'10.6.99.254','2014-11-19 10:47:48','Y'),(4,'172.18.216.254','00:00:00:00:17:00',100,'10.6.100.254','2014-11-19 10:47:48','Y'),(4,'172.18.216.254','00:00:00:00:17:01',101,'10.6.101.254','2014-11-19 10:47:48','Y'),(4,'172.18.216.254','00:00:00:00:17:02',102,'10.6.102.254','2014-11-19 10:47:48','Y'),(4,'172.18.216.254','00:00:00:00:17:03',103,'10.6.103.254','2014-11-19 10:47:48','Y'),(4,'172.18.216.254','00:00:00:00:17:04',104,'10.6.104.254','2014-11-19 10:47:48','Y'),(4,'172.18.216.254','00:00:00:00:17:05',105,'10.6.105.254','2014-11-19 10:47:48','Y'),(4,'172.18.216.254','00:00:00:00:17:06',106,'10.6.106.254','2014-11-19 10:47:48','Y'),(4,'172.18.216.254','00:00:00:00:17:07',107,'10.6.107.254','2014-11-19 10:47:48','Y'),(4,'172.18.216.254','00:00:00:00:17:08',108,'10.6.108.254','2014-11-19 10:47:48','Y'),(4,'172.18.216.254','00:00:00:00:17:09',109,'10.6.109.254','2014-11-19 10:47:48','Y'),(4,'172.18.216.254','00:00:00:00:17:10',110,'10.6.110.254','2014-11-19 10:47:48','Y'),(4,'172.18.216.254','00:00:00:00:17:11',111,'10.6.111.254','2014-11-19 10:47:48','Y'),(4,'172.18.216.254','00:00:00:00:17:12',112,'10.6.112.254','2014-11-19 10:47:48','Y'),(4,'172.18.216.254','00:00:00:00:17:13',113,'10.6.113.254','2014-11-19 10:47:48','Y'),(4,'172.18.216.254','00:00:00:00:17:14',114,'10.6.114.254','2014-11-19 10:47:48','Y'),(4,'172.18.216.254','00:00:00:00:17:15',115,'10.6.115.254','2014-11-19 10:47:48','Y'),(4,'172.18.216.254','00:00:00:00:17:16',116,'10.6.116.254','2014-11-19 10:47:48','Y'),(4,'172.18.216.254','00:00:00:00:17:17',117,'10.6.117.254','2014-11-19 10:47:48','Y'),(4,'172.18.216.254','00:00:00:00:17:18',118,'10.6.118.254','2014-11-19 10:47:48','Y'),(4,'172.18.216.254','00:00:00:00:17:19',119,'10.6.119.254','2014-11-19 10:47:48','Y'),(4,'172.18.216.254','00:00:00:00:17:20',120,'10.6.120.254','2014-11-19 10:47:48','Y'),(4,'172.18.216.254','00:00:00:00:17:21',121,'10.6.121.254','2014-11-19 10:47:48','Y'),(4,'172.18.216.254','00:00:00:00:17:22',122,'10.6.122.254','2014-11-19 10:47:48','Y'),(4,'172.18.216.254','00:00:00:00:17:23',123,'10.6.123.254','2014-11-19 10:47:48','Y'),(4,'172.18.216.254','00:00:00:00:17:24',124,'10.6.124.254','2014-11-19 10:47:48','Y'),(4,'172.18.216.254','00:00:00:00:17:25',125,'10.6.125.254','2014-11-19 10:47:48','Y'),(4,'172.18.216.254','00:00:00:00:17:26',126,'10.6.126.254','2014-11-19 10:47:48','Y'),(4,'172.18.216.254','00:00:00:00:17:27',127,'10.6.127.254','2014-11-19 10:47:48','Y'),(4,'172.18.216.254','00:00:00:00:17:28',128,'10.6.128.254','2014-11-19 10:47:48','Y'),(4,'172.18.216.254','00:00:00:00:17:29',129,'10.6.129.254','2014-11-19 10:47:48','Y'),(4,'172.18.216.254','00:00:00:00:17:30',130,'10.6.130.254','2014-11-19 10:47:48','Y'),(4,'172.18.216.254','00:00:00:00:17:31',131,'10.6.131.254','2014-11-19 10:47:48','Y'),(4,'172.18.216.254','00:00:00:00:17:32',132,'10.6.132.254','2014-11-19 10:47:48','Y'),(4,'172.18.216.254','00:00:00:00:17:33',133,'10.6.133.254','2014-11-19 10:47:48','Y'),(4,'172.18.216.254','00:00:00:00:17:34',134,'10.6.134.254','2014-11-19 10:47:48','Y'),(4,'172.18.216.254','00:00:00:00:17:35',135,'10.6.135.254','2014-11-19 10:47:48','Y'),(4,'172.18.216.254','00:00:00:00:17:36',136,'10.6.136.254','2014-11-19 10:47:48','Y'),(4,'172.18.216.254','00:00:00:00:17:37',137,'10.6.137.254','2014-11-19 10:47:48','Y'),(4,'172.18.216.254','00:00:00:00:17:38',138,'10.6.138.254','2014-11-19 10:47:48','Y'),(4,'172.18.216.254','00:00:00:00:17:39',139,'10.6.139.254','2014-11-19 10:47:48','Y'),(4,'172.18.216.254','00:00:00:00:17:40',140,'10.6.140.254','2014-11-19 10:47:48','Y'),(4,'172.18.216.254','00:00:00:00:17:41',141,'10.6.141.254','2014-11-19 10:47:48','Y'),(4,'172.18.216.254','00:00:00:00:17:42',142,'10.6.142.254','2014-11-19 10:47:48','Y'),(4,'172.18.216.254','00:00:00:00:17:43',143,'10.6.143.254','2014-11-19 10:47:48','Y'),(4,'172.18.216.254','00:00:00:00:17:44',144,'10.6.144.254','2014-11-19 10:47:48','Y'),(4,'172.18.216.254','00:00:00:00:17:45',145,'10.6.145.254','2014-11-19 10:47:48','Y'),(4,'172.18.216.254','00:00:00:00:17:46',146,'10.6.146.254','2014-11-19 10:47:48','Y'),(4,'172.18.216.254','00:00:00:00:17:47',147,'10.6.147.254','2014-11-19 10:47:48','Y'),(4,'172.18.216.254','00:00:00:00:17:48',148,'10.6.148.254','2014-11-19 10:47:48','Y'),(4,'172.18.216.254','00:00:00:00:17:49',149,'10.6.149.254','2014-11-19 10:47:48','Y'),(4,'172.18.216.254','00:00:00:00:17:50',150,'10.6.150.254','2014-11-19 10:47:48','Y'),(4,'172.18.216.254','00:00:00:00:17:51',151,'10.6.151.254','2014-11-19 10:47:48','Y'),(4,'172.18.216.254','00:00:00:00:17:52',152,'10.6.152.254','2014-11-19 10:47:48','Y'),(4,'172.18.216.254','00:00:00:00:17:53',153,'10.6.153.254','2014-11-19 10:47:48','Y'),(4,'172.18.216.254','00:00:00:00:17:54',154,'10.6.154.254','2014-11-19 10:47:48','Y'),(4,'172.18.216.254','00:00:00:00:17:55',155,'10.6.155.254','2014-11-19 10:47:48','Y'),(4,'172.18.216.254','00:00:00:00:17:56',156,'10.6.156.254','2014-11-19 10:47:48','Y'),(4,'172.18.216.254','00:00:00:00:17:57',157,'10.6.157.254','2014-11-19 10:47:48','Y'),(4,'172.18.216.254','00:00:00:00:17:58',158,'10.6.158.254','2014-11-19 10:47:48','Y'),(4,'172.18.216.254','00:00:00:00:17:59',159,'10.6.159.254','2014-11-19 10:47:48','Y'),(4,'172.18.216.254','00:00:00:00:17:60',160,'10.6.160.254','2014-11-19 10:47:48','Y'),(4,'172.18.216.254','00:00:00:00:17:61',161,'10.6.161.254','2014-11-19 10:47:48','Y'),(4,'172.18.216.254','00:00:00:00:17:62',162,'10.6.162.254','2014-11-19 10:47:48','Y'),(4,'172.18.216.254','00:00:00:00:17:63',163,'10.6.163.254','2014-11-19 10:47:48','Y'),(4,'172.18.216.254','00:00:00:00:17:64',164,'10.6.164.254','2014-11-19 10:47:48','Y'),(4,'172.18.216.254','00:00:00:00:17:65',165,'10.6.165.254','2014-11-19 10:47:48','Y'),(4,'172.18.216.254','00:00:00:00:17:66',166,'10.6.166.254','2014-11-19 10:47:48','Y'),(4,'172.18.216.254','00:00:00:00:17:67',167,'10.6.167.254','2014-11-19 10:47:48','Y'),(4,'172.18.216.254','00:00:00:00:17:68',168,'10.6.168.254','2014-11-19 10:47:48','Y'),(4,'172.18.216.254','00:00:00:00:17:69',169,'10.6.169.254','2014-11-19 10:47:48','Y'),(4,'172.18.216.254','00:00:00:00:17:70',170,'10.6.170.254','2014-11-19 10:47:48','Y'),(4,'172.18.216.254','00:00:00:00:17:71',171,'10.6.171.254','2014-11-19 10:47:48','Y'),(4,'172.18.216.254','00:00:00:00:17:72',172,'10.6.172.254','2014-11-19 10:47:48','Y'),(4,'172.18.216.254','00:00:00:00:17:73',173,'10.6.173.254','2014-11-19 10:47:48','Y'),(4,'172.18.216.254','00:00:00:00:17:74',174,'10.6.174.254','2014-11-19 10:47:48','Y'),(4,'172.18.216.254','00:00:00:00:17:75',175,'10.6.175.254','2014-11-19 10:47:48','Y'),(4,'172.18.216.254','00:00:00:00:17:76',176,'10.6.176.254','2014-11-19 10:47:48','Y'),(4,'172.18.216.254','00:00:00:00:17:77',177,'10.6.177.254','2014-11-19 10:47:48','Y'),(4,'172.18.216.254','00:00:00:00:17:78',178,'10.6.178.254','2014-11-19 10:47:48','Y'),(4,'172.18.216.254','00:00:00:00:17:79',179,'10.6.179.254','2014-11-19 10:47:48','Y'),(4,'172.18.216.254','00:00:00:00:17:80',180,'10.6.180.254','2014-11-19 10:47:48','Y'),(4,'172.18.216.254','00:00:00:00:17:81',181,'10.6.181.254','2014-11-19 10:47:48','Y'),(4,'172.18.216.254','00:00:00:00:17:82',182,'10.6.182.254','2014-11-19 10:47:48','Y'),(4,'172.18.216.254','00:00:00:00:17:83',183,'10.6.183.254','2014-11-19 10:47:48','Y'),(4,'172.18.216.254','00:00:00:00:17:84',184,'10.6.184.254','2014-11-19 10:47:48','Y'),(4,'172.18.216.254','00:00:00:00:17:85',185,'10.6.185.254','2014-11-19 10:47:48','Y'),(4,'172.18.216.254','00:00:00:00:17:86',186,'10.6.186.254','2014-11-19 10:47:48','Y'),(4,'172.18.216.254','00:00:00:00:17:87',187,'10.6.187.254','2014-11-19 10:47:48','Y'),(4,'172.18.216.254','00:00:00:00:17:88',188,'10.6.188.254','2014-11-19 10:47:48','Y'),(4,'172.18.216.254','00:00:00:00:17:89',189,'10.6.189.254','2014-11-19 10:47:48','Y'),(4,'172.18.216.254','00:00:00:00:17:90',190,'10.6.190.254','2014-11-19 10:47:48','Y'),(4,'172.18.216.254','00:00:00:00:17:91',191,'10.6.191.254','2014-11-19 10:47:48','Y'),(4,'172.18.216.254','00:00:00:00:17:92',192,'10.6.192.254','2014-11-19 10:47:48','Y'),(4,'172.18.216.254','00:00:00:00:17:93',193,'10.6.193.254','2014-11-19 10:47:48','Y'),(4,'172.18.216.254','00:00:00:00:17:94',194,'10.6.194.254','2014-11-19 10:47:48','Y'),(4,'172.18.216.254','00:00:00:00:17:95',195,'10.6.195.254','2014-11-19 10:47:48','Y'),(4,'172.18.216.254','00:00:00:00:17:96',196,'10.6.196.254','2014-11-19 10:47:48','Y'),(4,'172.18.216.254','00:00:00:00:17:97',197,'10.6.197.254','2014-11-19 10:47:48','Y'),(4,'172.18.216.254','00:00:00:00:17:98',198,'10.6.198.254','2014-11-19 10:47:48','Y'),(4,'172.18.216.254','00:00:00:00:17:99',199,'10.6.199.254','2014-11-19 10:47:48','Y'),(4,'172.18.216.254','00:00:00:00:18:00',200,'10.6.200.254','2014-11-19 10:47:48','Y'),(5,'172.18.218.254','00:00:00:00:18:01',1,'10.8.1.254','2014-11-19 10:47:48','Y'),(5,'172.18.218.254','00:00:00:00:18:02',2,'10.8.2.254','2014-11-19 10:47:48','Y'),(5,'172.18.218.254','00:00:00:00:18:03',3,'10.8.3.254','2014-11-19 10:47:48','Y'),(5,'172.18.218.254','00:00:00:00:18:04',4,'10.8.4.254','2014-11-19 10:47:48','Y'),(5,'172.18.218.254','00:00:00:00:18:05',5,'10.8.5.254','2014-11-19 10:47:48','Y'),(5,'172.18.218.254','00:00:00:00:18:06',6,'10.8.6.254','2014-11-19 10:47:48','Y'),(5,'172.18.218.254','00:00:00:00:18:07',7,'10.8.7.254','2014-11-19 10:47:48','Y'),(5,'172.18.218.254','00:00:00:00:18:08',8,'10.8.8.254','2014-11-19 10:47:48','Y'),(5,'172.18.218.254','00:00:00:00:18:09',9,'10.8.9.254','2014-11-19 10:47:48','Y'),(5,'172.18.218.254','00:00:00:00:18:10',10,'10.8.10.254','2014-11-19 10:47:48','Y'),(5,'172.18.218.254','00:00:00:00:18:11',11,'10.8.11.254','2014-11-19 10:47:48','Y'),(5,'172.18.218.254','00:00:00:00:18:12',12,'10.8.12.254','2014-11-19 10:47:48','Y'),(5,'172.18.218.254','00:00:00:00:18:13',13,'10.8.13.254','2014-11-19 10:47:48','Y'),(5,'172.18.218.254','00:00:00:00:18:14',14,'10.8.14.254','2014-11-19 10:47:48','Y'),(5,'172.18.218.254','00:00:00:00:18:15',15,'10.8.15.254','2014-11-19 10:47:48','Y'),(5,'172.18.218.254','00:00:00:00:18:16',16,'10.8.16.254','2014-11-19 10:47:48','Y'),(5,'172.18.218.254','00:00:00:00:18:17',17,'10.8.17.254','2014-11-19 10:47:48','Y'),(5,'172.18.218.254','00:00:00:00:18:18',18,'10.8.18.254','2014-11-19 10:47:48','Y'),(5,'172.18.218.254','00:00:00:00:18:19',19,'10.8.19.254','2014-11-19 10:47:48','Y'),(5,'172.18.218.254','00:00:00:00:18:20',20,'10.8.20.254','2014-11-19 10:47:48','Y'),(5,'172.18.218.254','00:00:00:00:18:21',21,'10.8.21.254','2014-11-19 10:47:48','Y'),(5,'172.18.218.254','00:00:00:00:18:22',22,'10.8.22.254','2014-11-19 10:47:48','Y'),(5,'172.18.218.254','00:00:00:00:18:23',23,'10.8.23.254','2014-11-19 10:47:48','Y'),(5,'172.18.218.254','00:00:00:00:18:24',24,'10.8.24.254','2014-11-19 10:47:48','Y'),(5,'172.18.218.254','00:00:00:00:18:25',25,'10.8.25.254','2014-11-19 10:47:48','Y'),(5,'172.18.218.254','00:00:00:00:18:26',26,'10.8.26.254','2014-11-19 10:47:48','Y'),(5,'172.18.218.254','00:00:00:00:18:27',27,'10.8.27.254','2014-11-19 10:47:48','Y'),(5,'172.18.218.254','00:00:00:00:18:28',28,'10.8.28.254','2014-11-19 10:47:48','Y'),(5,'172.18.218.254','00:00:00:00:18:29',29,'10.8.29.254','2014-11-19 10:47:48','Y'),(5,'172.18.218.254','00:00:00:00:18:30',30,'10.8.30.254','2014-11-19 10:47:48','Y'),(5,'172.18.218.254','00:00:00:00:18:31',31,'10.8.31.254','2014-11-19 10:47:48','Y'),(5,'172.18.218.254','00:00:00:00:18:32',32,'10.8.32.254','2014-11-19 10:47:48','Y'),(5,'172.18.218.254','00:00:00:00:18:33',33,'10.8.33.254','2014-11-19 10:47:48','Y'),(5,'172.18.218.254','00:00:00:00:18:34',34,'10.8.34.254','2014-11-19 10:47:48','Y'),(5,'172.18.218.254','00:00:00:00:18:35',35,'10.8.35.254','2014-11-19 10:47:48','Y'),(5,'172.18.218.254','00:00:00:00:18:36',36,'10.8.36.254','2014-11-19 10:47:48','Y'),(5,'172.18.218.254','00:00:00:00:18:37',37,'10.8.37.254','2014-11-19 10:47:48','Y'),(5,'172.18.218.254','00:00:00:00:18:38',38,'10.8.38.254','2014-11-19 10:47:48','Y'),(5,'172.18.218.254','00:00:00:00:18:39',39,'10.8.39.254','2014-11-19 10:47:48','Y'),(5,'172.18.218.254','00:00:00:00:18:40',40,'10.8.40.254','2014-11-19 10:47:48','Y'),(5,'172.18.218.254','00:00:00:00:18:41',41,'10.8.41.254','2014-11-19 10:47:48','Y'),(5,'172.18.218.254','00:00:00:00:18:42',42,'10.8.42.254','2014-11-19 10:47:48','Y'),(5,'172.18.218.254','00:00:00:00:18:43',43,'10.8.43.254','2014-11-19 10:47:48','Y'),(5,'172.18.218.254','00:00:00:00:18:44',44,'10.8.44.254','2014-11-19 10:47:48','Y'),(5,'172.18.218.254','00:00:00:00:18:45',45,'10.8.45.254','2014-11-19 10:47:48','Y'),(5,'172.18.218.254','00:00:00:00:18:46',46,'10.8.46.254','2014-11-19 10:47:48','Y'),(5,'172.18.218.254','00:00:00:00:18:47',47,'10.8.47.254','2014-11-19 10:47:48','Y'),(5,'172.18.218.254','00:00:00:00:18:48',48,'10.8.48.254','2014-11-19 10:47:48','Y'),(5,'172.18.218.254','00:00:00:00:18:49',49,'10.8.49.254','2014-11-19 10:47:48','Y'),(5,'172.18.218.254','00:00:00:00:18:50',50,'10.8.50.254','2014-11-19 10:47:48','Y'),(5,'172.18.218.254','00:00:00:00:18:51',51,'10.8.51.254','2014-11-19 10:47:48','Y'),(5,'172.18.218.254','00:00:00:00:18:52',52,'10.8.52.254','2014-11-19 10:47:48','Y'),(5,'172.18.218.254','00:00:00:00:18:53',53,'10.8.53.254','2014-11-19 10:47:48','Y'),(5,'172.18.218.254','00:00:00:00:18:54',54,'10.8.54.254','2014-11-19 10:47:48','Y'),(5,'172.18.218.254','00:00:00:00:18:55',55,'10.8.55.254','2014-11-19 10:47:48','Y'),(5,'172.18.218.254','00:00:00:00:18:56',56,'10.8.56.254','2014-11-19 10:47:48','Y'),(5,'172.18.218.254','00:00:00:00:18:57',57,'10.8.57.254','2014-11-19 10:47:48','Y'),(5,'172.18.218.254','00:00:00:00:18:58',58,'10.8.58.254','2014-11-19 10:47:48','Y'),(5,'172.18.218.254','00:00:00:00:18:59',59,'10.8.59.254','2014-11-19 10:47:48','Y'),(5,'172.18.218.254','00:00:00:00:18:60',60,'10.8.60.254','2014-11-19 10:47:48','Y'),(5,'172.18.218.254','00:00:00:00:18:61',61,'10.8.61.254','2014-11-19 10:47:48','Y'),(5,'172.18.218.254','00:00:00:00:18:62',62,'10.8.62.254','2014-11-19 10:47:48','Y'),(5,'172.18.218.254','00:00:00:00:18:63',63,'10.8.63.254','2014-11-19 10:47:48','Y'),(5,'172.18.218.254','00:00:00:00:18:64',64,'10.8.64.254','2014-11-19 10:47:48','Y'),(5,'172.18.218.254','00:00:00:00:18:65',65,'10.8.65.254','2014-11-19 10:47:48','Y'),(5,'172.18.218.254','00:00:00:00:18:66',66,'10.8.66.254','2014-11-19 10:47:48','Y'),(5,'172.18.218.254','00:00:00:00:18:67',67,'10.8.67.254','2014-11-19 10:47:48','Y'),(5,'172.18.218.254','00:00:00:00:18:68',68,'10.8.68.254','2014-11-19 10:47:48','Y'),(5,'172.18.218.254','00:00:00:00:18:69',69,'10.8.69.254','2014-11-19 10:47:48','Y'),(5,'172.18.218.254','00:00:00:00:18:70',70,'10.8.70.254','2014-11-19 10:47:48','Y'),(5,'172.18.218.254','00:00:00:00:18:71',71,'10.8.71.254','2014-11-19 10:47:48','Y'),(5,'172.18.218.254','00:00:00:00:18:72',72,'10.8.72.254','2014-11-19 10:47:48','Y'),(5,'172.18.218.254','00:00:00:00:18:73',73,'10.8.73.254','2014-11-19 10:47:48','Y'),(5,'172.18.218.254','00:00:00:00:18:74',74,'10.8.74.254','2014-11-19 10:47:48','Y'),(5,'172.18.218.254','00:00:00:00:18:75',75,'10.8.75.254','2014-11-19 10:47:48','Y'),(5,'172.18.218.254','00:00:00:00:18:76',76,'10.8.76.254','2014-11-19 10:47:48','Y'),(5,'172.18.218.254','00:00:00:00:18:77',77,'10.8.77.254','2014-11-19 10:47:48','Y'),(5,'172.18.218.254','00:00:00:00:18:78',78,'10.8.78.254','2014-11-19 10:47:48','Y'),(5,'172.18.218.254','00:00:00:00:18:79',79,'10.8.79.254','2014-11-19 10:47:48','Y'),(5,'172.18.218.254','00:00:00:00:18:80',80,'10.8.80.254','2014-11-19 10:47:48','Y'),(5,'172.18.218.254','00:00:00:00:18:81',81,'10.8.81.254','2014-11-19 10:47:48','Y'),(5,'172.18.218.254','00:00:00:00:18:82',82,'10.8.82.254','2014-11-19 10:47:48','Y'),(5,'172.18.218.254','00:00:00:00:18:83',83,'10.8.83.254','2014-11-19 10:47:48','Y'),(5,'172.18.218.254','00:00:00:00:18:84',84,'10.8.84.254','2014-11-19 10:47:48','Y'),(5,'172.18.218.254','00:00:00:00:18:85',85,'10.8.85.254','2014-11-19 10:47:48','Y'),(5,'172.18.218.254','00:00:00:00:18:86',86,'10.8.86.254','2014-11-19 10:47:48','Y'),(5,'172.18.218.254','00:00:00:00:18:87',87,'10.8.87.254','2014-11-19 10:47:48','Y'),(5,'172.18.218.254','00:00:00:00:18:88',88,'10.8.88.254','2014-11-19 10:47:48','Y'),(5,'172.18.218.254','00:00:00:00:18:89',89,'10.8.89.254','2014-11-19 10:47:48','Y'),(5,'172.18.218.254','00:00:00:00:18:90',90,'10.8.90.254','2014-11-19 10:47:48','Y'),(5,'172.18.218.254','00:00:00:00:18:91',91,'10.8.91.254','2014-11-19 10:47:48','Y'),(5,'172.18.218.254','00:00:00:00:18:92',92,'10.8.92.254','2014-11-19 10:47:48','Y'),(5,'172.18.218.254','00:00:00:00:18:93',93,'10.8.93.254','2014-11-19 10:47:48','Y'),(5,'172.18.218.254','00:00:00:00:18:94',94,'10.8.94.254','2014-11-19 10:47:48','Y'),(5,'172.18.218.254','00:00:00:00:18:95',95,'10.8.95.254','2014-11-19 10:47:48','Y'),(5,'172.18.218.254','00:00:00:00:18:96',96,'10.8.96.254','2014-11-19 10:47:48','Y'),(5,'172.18.218.254','00:00:00:00:18:97',97,'10.8.97.254','2014-11-19 10:47:48','Y'),(5,'172.18.218.254','00:00:00:00:18:98',98,'10.8.98.254','2014-11-19 10:47:48','Y'),(5,'172.18.218.254','00:00:00:00:18:99',99,'10.8.99.254','2014-11-19 10:47:48','Y'),(5,'172.18.218.254','00:00:00:00:19:00',100,'10.8.100.254','2014-11-19 10:47:48','Y'),(5,'172.18.218.254','00:00:00:00:19:01',101,'10.8.101.254','2014-11-19 10:47:48','Y'),(5,'172.18.218.254','00:00:00:00:19:02',102,'10.8.102.254','2014-11-19 10:47:48','Y'),(5,'172.18.218.254','00:00:00:00:19:03',103,'10.8.103.254','2014-11-19 10:47:48','Y'),(5,'172.18.218.254','00:00:00:00:19:04',104,'10.8.104.254','2014-11-19 10:47:48','Y'),(5,'172.18.218.254','00:00:00:00:19:05',105,'10.8.105.254','2014-11-19 10:47:48','Y'),(5,'172.18.218.254','00:00:00:00:19:06',106,'10.8.106.254','2014-11-19 10:47:48','Y'),(5,'172.18.218.254','00:00:00:00:19:07',107,'10.8.107.254','2014-11-19 10:47:48','Y'),(5,'172.18.218.254','00:00:00:00:19:08',108,'10.8.108.254','2014-11-19 10:47:48','Y'),(5,'172.18.218.254','00:00:00:00:19:09',109,'10.8.109.254','2014-11-19 10:47:48','Y'),(5,'172.18.218.254','00:00:00:00:19:10',110,'10.8.110.254','2014-11-19 10:47:48','Y'),(5,'172.18.218.254','00:00:00:00:19:11',111,'10.8.111.254','2014-11-19 10:47:48','Y'),(5,'172.18.218.254','00:00:00:00:19:12',112,'10.8.112.254','2014-11-19 10:47:48','Y'),(5,'172.18.218.254','00:00:00:00:19:13',113,'10.8.113.254','2014-11-19 10:47:48','Y'),(5,'172.18.218.254','00:00:00:00:19:14',114,'10.8.114.254','2014-11-19 10:47:48','Y'),(5,'172.18.218.254','00:00:00:00:19:15',115,'10.8.115.254','2014-11-19 10:47:48','Y'),(5,'172.18.218.254','00:00:00:00:19:16',116,'10.8.116.254','2014-11-19 10:47:48','Y'),(5,'172.18.218.254','00:00:00:00:19:17',117,'10.8.117.254','2014-11-19 10:47:48','Y'),(5,'172.18.218.254','00:00:00:00:19:18',118,'10.8.118.254','2014-11-19 10:47:48','Y'),(5,'172.18.218.254','00:00:00:00:19:19',119,'10.8.119.254','2014-11-19 10:47:48','Y'),(5,'172.18.218.254','00:00:00:00:19:20',120,'10.8.120.254','2014-11-19 10:47:48','Y'),(5,'172.18.218.254','00:00:00:00:19:21',121,'10.8.121.254','2014-11-19 10:47:48','Y'),(5,'172.18.218.254','00:00:00:00:19:22',122,'10.8.122.254','2014-11-19 10:47:48','Y'),(5,'172.18.218.254','00:00:00:00:19:23',123,'10.8.123.254','2014-11-19 10:47:48','Y'),(5,'172.18.218.254','00:00:00:00:19:24',124,'10.8.124.254','2014-11-19 10:47:48','Y'),(5,'172.18.218.254','00:00:00:00:19:25',125,'10.8.125.254','2014-11-19 10:47:48','Y'),(5,'172.18.218.254','00:00:00:00:19:26',126,'10.8.126.254','2014-11-19 10:47:48','Y'),(5,'172.18.218.254','00:00:00:00:19:27',127,'10.8.127.254','2014-11-19 10:47:49','Y'),(5,'172.18.218.254','00:00:00:00:19:28',128,'10.8.128.254','2014-11-19 10:47:49','Y'),(5,'172.18.218.254','00:00:00:00:19:29',129,'10.8.129.254','2014-11-19 10:47:49','Y'),(5,'172.18.218.254','00:00:00:00:19:30',130,'10.8.130.254','2014-11-19 10:47:49','Y'),(5,'172.18.218.254','00:00:00:00:19:31',131,'10.8.131.254','2014-11-19 10:47:49','Y'),(5,'172.18.218.254','00:00:00:00:19:32',132,'10.8.132.254','2014-11-19 10:47:49','Y'),(5,'172.18.218.254','00:00:00:00:19:33',133,'10.8.133.254','2014-11-19 10:47:49','Y'),(5,'172.18.218.254','00:00:00:00:19:34',134,'10.8.134.254','2014-11-19 10:47:49','Y'),(5,'172.18.218.254','00:00:00:00:19:35',135,'10.8.135.254','2014-11-19 10:47:49','Y'),(5,'172.18.218.254','00:00:00:00:19:36',136,'10.8.136.254','2014-11-19 10:47:49','Y'),(5,'172.18.218.254','00:00:00:00:19:37',137,'10.8.137.254','2014-11-19 10:47:49','Y'),(5,'172.18.218.254','00:00:00:00:19:38',138,'10.8.138.254','2014-11-19 10:47:49','Y'),(5,'172.18.218.254','00:00:00:00:19:39',139,'10.8.139.254','2014-11-19 10:47:49','Y'),(5,'172.18.218.254','00:00:00:00:19:40',140,'10.8.140.254','2014-11-19 10:47:49','Y'),(5,'172.18.218.254','00:00:00:00:19:41',141,'10.8.141.254','2014-11-19 10:47:49','Y'),(5,'172.18.218.254','00:00:00:00:19:42',142,'10.8.142.254','2014-11-19 10:47:49','Y'),(5,'172.18.218.254','00:00:00:00:19:43',143,'10.8.143.254','2014-11-19 10:47:49','Y'),(5,'172.18.218.254','00:00:00:00:19:44',144,'10.8.144.254','2014-11-19 10:47:49','Y'),(5,'172.18.218.254','00:00:00:00:19:45',145,'10.8.145.254','2014-11-19 10:47:49','Y'),(5,'172.18.218.254','00:00:00:00:19:46',146,'10.8.146.254','2014-11-19 10:47:49','Y'),(5,'172.18.218.254','00:00:00:00:19:47',147,'10.8.147.254','2014-11-19 10:47:49','Y'),(5,'172.18.218.254','00:00:00:00:19:48',148,'10.8.148.254','2014-11-19 10:47:49','Y'),(5,'172.18.218.254','00:00:00:00:19:49',149,'10.8.149.254','2014-11-19 10:47:49','Y'),(5,'172.18.218.254','00:00:00:00:19:50',150,'10.8.150.254','2014-11-19 10:47:49','Y'),(5,'172.18.218.254','00:00:00:00:19:51',151,'10.8.151.254','2014-11-19 10:47:49','Y'),(5,'172.18.218.254','00:00:00:00:19:52',152,'10.8.152.254','2014-11-19 10:47:49','Y'),(5,'172.18.218.254','00:00:00:00:19:53',153,'10.8.153.254','2014-11-19 10:47:49','Y'),(5,'172.18.218.254','00:00:00:00:19:54',154,'10.8.154.254','2014-11-19 10:47:49','Y'),(5,'172.18.218.254','00:00:00:00:19:55',155,'10.8.155.254','2014-11-19 10:47:49','Y'),(5,'172.18.218.254','00:00:00:00:19:56',156,'10.8.156.254','2014-11-19 10:47:49','Y'),(5,'172.18.218.254','00:00:00:00:19:57',157,'10.8.157.254','2014-11-19 10:47:49','Y'),(5,'172.18.218.254','00:00:00:00:19:58',158,'10.8.158.254','2014-11-19 10:47:49','Y'),(5,'172.18.218.254','00:00:00:00:19:59',159,'10.8.159.254','2014-11-19 10:47:49','Y'),(5,'172.18.218.254','00:00:00:00:19:60',160,'10.8.160.254','2014-11-19 10:47:49','Y'),(5,'172.18.218.254','00:00:00:00:19:61',161,'10.8.161.254','2014-11-19 10:47:49','Y'),(5,'172.18.218.254','00:00:00:00:19:62',162,'10.8.162.254','2014-11-19 10:47:49','Y'),(5,'172.18.218.254','00:00:00:00:19:63',163,'10.8.163.254','2014-11-19 10:47:49','Y'),(5,'172.18.218.254','00:00:00:00:19:64',164,'10.8.164.254','2014-11-19 10:47:49','Y'),(5,'172.18.218.254','00:00:00:00:19:65',165,'10.8.165.254','2014-11-19 10:47:49','Y'),(5,'172.18.218.254','00:00:00:00:19:66',166,'10.8.166.254','2014-11-19 10:47:49','Y'),(5,'172.18.218.254','00:00:00:00:19:67',167,'10.8.167.254','2014-11-19 10:47:49','Y'),(5,'172.18.218.254','00:00:00:00:19:68',168,'10.8.168.254','2014-11-19 10:47:49','Y'),(5,'172.18.218.254','00:00:00:00:19:69',169,'10.8.169.254','2014-11-19 10:47:49','Y'),(5,'172.18.218.254','00:00:00:00:19:70',170,'10.8.170.254','2014-11-19 10:47:49','Y'),(5,'172.18.218.254','00:00:00:00:19:71',171,'10.8.171.254','2014-11-19 10:47:49','Y'),(5,'172.18.218.254','00:00:00:00:19:72',172,'10.8.172.254','2014-11-19 10:47:49','Y'),(5,'172.18.218.254','00:00:00:00:19:73',173,'10.8.173.254','2014-11-19 10:47:49','Y'),(5,'172.18.218.254','00:00:00:00:19:74',174,'10.8.174.254','2014-11-19 10:47:49','Y'),(5,'172.18.218.254','00:00:00:00:19:75',175,'10.8.175.254','2014-11-19 10:47:49','Y'),(5,'172.18.218.254','00:00:00:00:19:76',176,'10.8.176.254','2014-11-19 10:47:49','Y'),(5,'172.18.218.254','00:00:00:00:19:77',177,'10.8.177.254','2014-11-19 10:47:49','Y'),(5,'172.18.218.254','00:00:00:00:19:78',178,'10.8.178.254','2014-11-19 10:47:49','Y'),(5,'172.18.218.254','00:00:00:00:19:79',179,'10.8.179.254','2014-11-19 10:47:49','Y'),(5,'172.18.218.254','00:00:00:00:19:80',180,'10.8.180.254','2014-11-19 10:47:49','Y'),(5,'172.18.218.254','00:00:00:00:19:81',181,'10.8.181.254','2014-11-19 10:47:49','Y'),(5,'172.18.218.254','00:00:00:00:19:82',182,'10.8.182.254','2014-11-19 10:47:49','Y'),(5,'172.18.218.254','00:00:00:00:19:83',183,'10.8.183.254','2014-11-19 10:47:49','Y'),(5,'172.18.218.254','00:00:00:00:19:84',184,'10.8.184.254','2014-11-19 10:47:49','Y'),(5,'172.18.218.254','00:00:00:00:19:85',185,'10.8.185.254','2014-11-19 10:47:49','Y'),(5,'172.18.218.254','00:00:00:00:19:86',186,'10.8.186.254','2014-11-19 10:47:49','Y'),(5,'172.18.218.254','00:00:00:00:19:87',187,'10.8.187.254','2014-11-19 10:47:49','Y'),(5,'172.18.218.254','00:00:00:00:19:88',188,'10.8.188.254','2014-11-19 10:47:49','Y'),(5,'172.18.218.254','00:00:00:00:19:89',189,'10.8.189.254','2014-11-19 10:47:49','Y'),(5,'172.18.218.254','00:00:00:00:19:90',190,'10.8.190.254','2014-11-19 10:47:49','Y'),(5,'172.18.218.254','00:00:00:00:19:91',191,'10.8.191.254','2014-11-19 10:47:49','Y'),(5,'172.18.218.254','00:00:00:00:19:92',192,'10.8.192.254','2014-11-19 10:47:49','Y'),(5,'172.18.218.254','00:00:00:00:19:93',193,'10.8.193.254','2014-11-19 10:47:49','Y'),(5,'172.18.218.254','00:00:00:00:19:94',194,'10.8.194.254','2014-11-19 10:47:49','Y'),(5,'172.18.218.254','00:00:00:00:19:95',195,'10.8.195.254','2014-11-19 10:47:49','Y'),(5,'172.18.218.254','00:00:00:00:19:96',196,'10.8.196.254','2014-11-19 10:47:49','Y'),(5,'172.18.218.254','00:00:00:00:19:97',197,'10.8.197.254','2014-11-19 10:47:49','Y'),(5,'172.18.218.254','00:00:00:00:19:98',198,'10.8.198.254','2014-11-19 10:47:49','Y'),(5,'172.18.218.254','00:00:00:00:19:99',199,'10.8.199.254','2014-11-19 10:47:49','Y'),(5,'172.18.218.254','00:00:00:00:20:00',200,'10.8.200.254','2014-11-19 10:47:49','Y'),(4,'172.18.216.254','00:50:56:89:6b:18',201,NULL,'2014-11-19 10:47:48','Y'),(4,'172.18.216.254','00:50:56:89:6b:18',202,NULL,'2014-11-19 10:47:48','Y'),(4,'172.18.216.254','00:50:56:89:6b:18',203,NULL,'2014-11-19 10:47:48','Y'),(4,'172.18.216.254','00:50:56:89:6b:18',204,NULL,'2014-11-19 10:47:48','Y'),(5,'172.18.218.254','00:50:56:89:6b:f1',201,NULL,'2014-11-19 10:47:49','Y'),(5,'172.18.218.254','00:50:56:89:6b:f1',202,NULL,'2014-11-19 10:47:49','Y'),(5,'172.18.218.254','00:50:56:89:6b:f1',203,NULL,'2014-11-19 10:47:49','Y'),(5,'172.18.218.254','00:50:56:89:6b:f1',204,NULL,'2014-11-19 10:47:49','Y'),(1,'172.18.210.254','00:50:56:89:6c:c7',201,NULL,'2014-11-19 10:47:46','Y'),(1,'172.18.210.254','00:50:56:89:6c:c7',202,NULL,'2014-11-19 10:47:46','Y'),(1,'172.18.210.254','00:50:56:89:6c:c7',203,NULL,'2014-11-19 10:47:46','Y'),(1,'172.18.210.254','00:50:56:89:6c:c7',204,NULL,'2014-11-19 10:47:46','Y'),(3,'172.18.214.254','00:50:56:89:6c:ca',77,'10.4.77.254','2014-11-19 10:47:47','Y'),(3,'172.18.214.254','00:50:56:89:6c:ca',78,'10.4.78.254','2014-11-19 10:47:47','Y'),(3,'172.18.214.254','00:50:56:89:6c:ca',79,'10.4.79.254','2014-11-19 10:47:47','Y'),(3,'172.18.214.254','00:50:56:89:6c:d2',201,NULL,'2014-11-19 10:47:47','Y'),(3,'172.18.214.254','00:50:56:89:6c:d2',202,NULL,'2014-11-19 10:47:47','Y'),(3,'172.18.214.254','00:50:56:89:6c:d2',203,NULL,'2014-11-19 10:47:47','Y'),(3,'172.18.214.254','00:50:56:89:6c:d2',204,NULL,'2014-11-19 10:47:47','Y'),(2,'172.18.212.254','00:50:56:89:6c:e0',201,NULL,'2014-11-19 10:47:46','Y'),(2,'172.18.212.254','00:50:56:89:6c:e0',202,NULL,'2014-11-19 10:47:46','Y'),(2,'172.18.212.254','00:50:56:89:6c:e0',203,NULL,'2014-11-19 10:47:46','Y'),(2,'172.18.212.254','00:50:56:89:6c:e0',204,NULL,'2014-11-19 10:47:46','Y');
/*!40000 ALTER TABLE `switchport` ENABLE KEYS */;
UNLOCK TABLES;
/*!40103 SET TIME_ZONE=@OLD_TIME_ZONE */;

/*!40101 SET SQL_MODE=@OLD_SQL_MODE */;
/*!40014 SET FOREIGN_KEY_CHECKS=@OLD_FOREIGN_KEY_CHECKS */;
/*!40014 SET UNIQUE_CHECKS=@OLD_UNIQUE_CHECKS */;
/*!40101 SET CHARACTER_SET_CLIENT=@OLD_CHARACTER_SET_CLIENT */;
/*!40101 SET CHARACTER_SET_RESULTS=@OLD_CHARACTER_SET_RESULTS */;
/*!40101 SET COLLATION_CONNECTION=@OLD_COLLATION_CONNECTION */;
/*!40111 SET SQL_NOTES=@OLD_SQL_NOTES */;

-- Dump completed on 2014-11-19 10:48:18
